Brand,productName,Price
Okey,Okey Hisset Ekonomik 20'li Prezervatif,"₺357,39"
Hipp,Hipp Organik Devam Sütü 600gr No:2 (6. AYDAN ITİBAREN),"₺695,00"
Tchibo,Tchibo Espresso Sicilia Style Çekirdek Kahve 500 g,"₺725,00"
Tchibo,Tchibo Barista Espresso Çekirdek Kahve 500 g,"₺845,00"
Çaykur,Çaykur Kamelya Çay 1000 gr,"₺390,00"
Mehmet Efendi,Mehmet efendi Kurukahveci Türk Kahvesi 25 X 100 G,"₺2.200,00"
Çaykur,Çaykur Filiz Çayı 1000 gr,"₺430,00"
Doğuş,Doğuş Filiz 1000 gr Çay,"₺330,00"
Tchibo,Tchibo Türk Kahvesi 100 Gr X 6 Adet,"₺480,00"
Canbebe,Canbebe Bebek Bezi Süper Eko 4 Beden+ Maxi Plus 26 Adet,"₺239,99"
Bingo,"Bingo Soft Konsantre Çamaşır Yumuşatıcısı Lovely 1,44 Lt X 4 Adet","₺540,00"
Bal Küpü,Bal küpü Toz Şeker 5 Kg,"₺350,00"
Hipp,Hipp 1 Organik Bebek Sütü 600 gr,"₺715,00"
Hipp,Hipp 3 Organik Devam Sütü 600 gr,"₺715,00"
Çaykur,Çaykur Tiryaki Çay 1 Kg - 3 Adet,"₺1.001,00"
Bal Küpü,Bal küpü Küp Şeker 1000 gr,"₺125,00"
Çaykur,Çaykur Tiryaki Çay 1000 gr,"₺399,90"
Mehmet Efendi,Mehmet efendi Türk Kahvesi 5 X 100 gr,"₺599,00"
Molfix,Molfix Maxi 4 Numara Bebek Bezi Ultra Fırsat Paketi 100'lü x2 Adet,"₺900,00"
Çaykur,Çaykur Tiryaki Çay 1000 gr X 10 Adet,"₺3.200,00"
Detan,Detan Süper Elektrolikit Sinek Kovucu 30 gece 25 ml,"₺226,80"
Çaykur,Çaykur Filiz Çayı 1000 gr X 3 Adet,"₺875,00"
Kalaycıoğlu,Kalaycıoğlu Kepeksiz Tahin Plastik Kutu 935gr,"₺210,00"
Tchibo,Tchibo Türk Kahvesi 100 gr,"₺96,86"
Tchibo,Tchibo Privat Kaffee African Blue Çekirdek Kahve 500 g,"₺699,00"
Nutella,Nutella Kakaolu Fındık Kreması 750 gr,"₺325,00"
Doğuş,Doğuş Siyah Filiz Çayı 1000 gr 2'li Paket,"₺430,00"
Çaykur,Caykur Tomurcuk 125gr*4 Lu,"₺450,00"
Sincap Kitap,Sincap Kitap Kurbağa Kuki Ve Sevimli Dostları - Bu Kocaman Gözler Kimin 5,"₺238,80"
Bal Küpü,Balküpü Toz Şeker 5 Kg X 2 Adet,"₺650,00"
Mehmet Efendi,Mehmet efendi Türk Kahvesi 100gr - 10 Adet,"₺895,00"
Yudum,Yudum Ayçiçek Yağı 5 Lt Pet,"₺650,00"
Züber,Züber Fıstık Ezmesi Original 315g X 3 Adet,"₺835,00"
Züber,Züber Fıstık Ezmesi %100 315g X 3 Adet,"₺835,00"
Sudocrem,Sudocrem İkili 400gr + 60 gr,"₺738,00"
Sudocrem,Sudocrem Bebek Bakım Kremi 250 gr X 2 Adet,"₺918,00"
Sudocrem,Sudocrem Bebek Bakım Kremi 60 gr,"₺252,00"
Züber,Züber Orıgınal Fıstık Ezmesi 315 G,"₺345,00"
Aptamil,Aptamil 3 Numara 2'li 800 Gr Dev Fırsat,"₺1.945,00"
Nutella,Nutella Kakaolu Fındık Kreması 3 X 750 G,"₺745,00"
Çaykur,Çaykur Kamelya 1x3 Kg,"₺935,00"
Tchibo,Tchibo Cafissimo Barista Caffè Crema 2x10 Adet Kapsül Kahve,"₺328,25"
ABC,ABC Konsantre Yumuşatıcı Parfumia Büyüleyici Yasemin (Mavi) 1440ml x3 Adet,"₺384,00"
Sudocrem,Sudocrem  Bebek Bakım Kremi 60 gr X2 Adet,"₺360,00"
Sincap Kitap,Hikayeli Ilk Kavramlarım - Zıtlıklar,"₺154,80"
Sincap Kitap,Hikayeli Ilk Kavramlarım - Duyular,"₺154,80"
Giggles,Giggles Vücut Temizleme Havlusu 50'li 3 Paket 150 Havlu,"₺179,99"
Aptamil,Aptamil 1 Çocuk Devam Sütü 800 Gr 2'li,"₺1.945,00"
Sudocrem,Sudocrem  Pişik Kremi 125 gr X2 Adet,"₺642,00"
Finish,Finish Ultimate Plus Hepsi Bir Arada Bulaşık Makinesi Deterjanı Kapsül Tablet 20 Adet,"₺215,88"
Dardanel,Dardanel Aç Ye Kinoalı Ton Balığı 160 gr X 4 Adet,"₺424,19"
Linden,Linden Bulaşık Deterjanı Limon 1000 ml - Pompalı,"₺150,00"
Molfix,Molfix 3D 4 Beden Maxi Bebek Bezi 62'li,"₺381,60"
Leva House,Yılbaşı Ağaç Süsü 6mp#039lı Top - Sarı,"₺202,80"
Bebelin,"Bebelin Doğal Göğüs Ucu Bakım Kremi 50 Ml. Yumuşatma,koruma Ve Çatlak Önleyici Bakım Kremi","₺262,59"
Bebelin,Bebelin Doğal Bebek Pişik Kremi 60 Ml. Kantaron Özlü Onarıcı Ve Önleyici Pişik Kremi,"₺171,69"
Abdurrahman Tatlıcı,TADIBU-PARCACIKLI FINDIK KREMASI-330 gr (%35 FINDIK)(KORUYUCU EMULGATOR TRANS YAG ICERMEZ),"₺280,00"
Abdurrahman Tatlıcı,Abdurrahman Tatlıcı Tadıbu Parçacıklı Fındık Ezmesi 330 gr 2 li,"₺450,00"
Tchibo,Tchibo Barista Caffe Crema 500g,"₺840,00"
Sudocrem,Sudocrem Bebek Bakım Kremi 125 gr,"₺358,80"
Sudocrem,Sudocrem Bebek Bakım Kremi 250 gr,"₺486,00"
Varta,Varta Pil Çinko Süperlife E 9v K1,"₺118,80"
SMA,SMA Optipro Probiyotik 2 6-12 Ay Bebek Sütü 1200 gr,"₺1.455,00"
SMA,SMA Optipro 1 0-6 Ay Bebek Sütü 1200 gr,"₺1.445,00"
Kinder,Kinder Joy Süpriz Yumurta Erkekler Için 20  gr X 24,"₺935,00"
Bal Küpü,Bal Küpü Küp Şeker 12 X 1 Kg,"₺785,00"
Raid,Raid Böcek Öldürücü Max Sprey 300ml,"₺322,80"
Aptamil,Aptamil 4 Çocuk Devam Sütü 800 Gr,"₺1.050,00"
Aptamil,AptamilÇocuk 4 Devam Sütü 800 Grx4 Adet,"₺3.780,00"
Sleepy,Sleepy Natural 4 Numara Maxi Bebek Bezi 32li X 4 Adet,"₺699,00"
Sleepy,3'lü Sensitive Islak Havlu 50 Yaprak 3 Adet,"₺125,00"
Sleepy,Natural 2 Li Jumbo Külot Bebek Bezi Xl 6 Numara 32 Adet,"₺399,00"
Sleepy,Sleepy Yüzey Temizlik Havlusu Beyaz Sabun (Yeşil)  100 Yaprak,"₺191,88"
Sleepy,Sleepy Yüzey Temizlik Havlusu Beyaz Sabun (Yeşil) 100 Yaprak x3 Adet,"₺288,00"
Molfix,Külot Bez 5 Beden Junior 24 Adet,"₺185,00"
Molfix,Molfix Maxi 4 Numara Bebek Bezi Ultra Fırsat Paketi 100'lü,"₺534,00"
Molfix,Molfix Bebek Bezi 3 Numara Midi Ultra Fırsat Paketi 68'li,"₺381,60"
Durex,Aloe Vera 2si 1 Arada Kayganlaştırıcı & Masaj Jeli 200ml,"₺180,00"
Durex,Extreme Prezervatif 10 Adet,"₺180,00"
Durex,Naturals Kayganlaştırıcı Ince Prezervatif 10'lu,"₺280,00"
Canped,Canped Yatak Koruyucu Örtü Ekstra Örtü 60*90 cm 10'lu x2 Adet,"₺139,00"
Canped,Belbantlı Xs Çocuk 12 Li Hasta Bezi,"₺149,00"
Bepanthol,Bepanthol Derma Arındırıcı & Canlandırıcı Günlük Yüz Temizleme Jel 200 ml - Günlük Yüz Bakım,"₺285,48"
Aptamil,Aptamil 800 Gr 2 Numara Bebek Sütü 2 Li Paket,"₺1.945,00"
SMA,Sma Optipro Probiyotik 3 1- 3 Yaş Devam Sütü 1200 gr,"₺1.400,00"
Tchibo,Tchibo Gold Selection Çözünebilir Kahve Ekonomik Paket 150 gr 3'lü,"₺650,00"
Züber,Züber Meyve Bar Çilekli Ve Kakaolu 40g X 12 Adet,"₺620,00"
Red Bull,Redbull Enerji Içeceği 24 X 250 ml,"₺1.280,00"
Raid,Raid Sinek Öldürücü Sprey 300 Ml X 3 Adet,"₺406,80"
Raid,"Raid Sinek Öldürücü Sprey, 300ml (SİVRİSİNEK VE KARASİNEKLERE KARŞI)","₺166,80"
Johnson's,Johnson's Saç Şampuanı & Kral Şakir Hassas Saçlar Ve Bebekler Için 500ml,"₺118,80"
Bref,Bref Power Aktiv Okyanus Tekli 50 gr x5 Adet,"₺232,00"
Bref,Bref Power Aktiv Lavanta Tekli 50 gr,"₺99,00"
Vanish,Vanish Kosla Zorlu Lekeler Için Leke Çıkarıcı Pratik Sprey Halı Ve Döşeme 500 ml,"₺150,00"
Vanish,Vanish Kosla Multipower Renkliler Için Jel Leke Çıkarıcı Deterjan Güçlendirici 1000 ml,"₺180,00"
Life by Fakir,Life by Fakir Bitkisel Konsantre Bebek Çamaşır Yumuşatıcısı 1500 ml,"₺125,00"
Tchibo,Tchibo Privat Kaffee Brazil Mild Çekirdek Kahve 500 g,"₺699,00"
Fairy,Fairy Power Sprey 3'ü 1 Arada Bulaşık Ve Mutfak 500 ml x 2 Adet,"₺285,00"
Fakir,Fakir Halı Şampuanı Matik Makinede Yıkama Klasik 1000 Ml 2'li,"₺249,00"
Fakir,Fakir Halı Ve Koltuk Şampuanı Lavanta Kokulu Makine X 3,"₺1.200,00"
Fakir,Fakir Makine Klasik Nano Halı Ve Koltuk Şampuanı 1000 ml X 4 Adet,"₺1.200,00"
Yumoş,Yumoş Extra Konsantre Çamaşır Yumuşatıcısı Hanımeli 1440 ml 60 Yıkama x 4 Adet,"₺599,99"
Yumoş,Yumoş Extra Konsantre Çamaşır Yumuşatıcısı Lilyum 1440 ml 60 Yıkama  x 4 Adet,"₺560,00"
Yumoş,Yumoş Extra Konsantre Çamaşır Yumuşatıcısı Orkide 1440 ml 60 Yıkama x 4 Adet,"₺599,99"
Vanish,Vanish Oxi Action Multipower Beyazlar Gold 1000 ml + Pembe Gold 1000 ml Sıvı Deterjan Güçlendirici ve Leke Çıkarıcı,"₺500,00"
Fairy,Fairy Power Sprey 3'ü 1 Arada Bulaşık Ve Mutfak 500 ml 3 Adet,"₺400,00"
Canped,Canped Yatak Koruyucu Örtü Ekstra Örtü 60*90 cm 10'lu,"₺110,00"
Yumoş,Yumoş Extra Konsantre Çamaşır Yumuşatıcısı Amber (Kırmızı) 1440 ml 60 Yıkama,"₺210,00"
Yumoş,Yumoş Extra Konsantre Çamaşır Yumuşatıcısı Hanımeli 1440 ml 60 Yıkama,"₺210,00"
Sleepy,Sleepy Natural Bebek Bezi Ultra Avantaj Paketi 7 Numara Xxl 40 adet,"₺399,00"
Sleepy,Sleepy Natural Mega Paket Bebek Bezi 4 Numara Maxi 82 Adet,"₺399,00"
RİCHNUT,RİCHNUT Keten Tohumu Tane (Glütensiz) 210 GR,"₺125,00"
RİCHNUT,RİCHNUT Chia Tohumu Glütensiz 210 GR,"₺179,00"
RİCHNUT,RİCHNUT %100 Hurma Özü 400 gr,"₺184,00"
Life by Fakir,Life By Fakir Baby Sıvı Çamaşır Deterjanı 1500 ml,"₺191,58"
STOP Forte,STOP Forte 4'lü Leke Çıkarıcı,"₺1.400,00"
Dalin,Dalin Sıvı Çamaşır Yumuşatıcısı Bahar Ninnisi 1500 ml X 3 Adet,"₺609,00"
STOP Forte,STOP Forte 2'li Leke Çıkarıcı,"₺350,00"
STOP Forte,STOP Forte Leke Çıkarıcı,"₺159,00"
Sinangil,SINANGIL UN 5 KG,"₺299,00"
Canbebe,Canbebe Jumbo 4 Maxı 30 Lu,"₺350,00"
RİCHNUT,Rıchnut kakao tozu 140 gr,"₺219,00"
RİCHNUT,Richnut %100 fıstık ezmesi 300 gr,"₺169,00"
Tchibo,Eduscho caffe crema strong çekirdek kahve 1000 gr,"₺810,00"
Johnson's,Jhonson's Vazelin Parfüm 100ml,"₺150,00"
Air Wick,Air Wick Decosphere Hava Tazeleyeci Oda Kokusu Greyfurt Ve Portakal Çiçeği 75 ml,"₺220,00"
Johnson's Baby,Johnson's Şampuan 200ml,"₺250,00"
Dalin,Dalin Sabun Avokado 100gr,"₺180,00"
Dalin,Dalin Badem Şampuan Kolay Tarama 200mk,"₺180,00"
Tchibo,Tchibo gold selection çekirdek kahve 500 gr,"₺585,00"
Çaykur,Çaykur Rize Turist 500gr,"₺179,82"
Finish,Finish Deo Limon 4ml,"₺135,46"
Pril,Pril Bulaşık Sıvısı Limon 4 kg,"₺299,00"
Leva House,Leva Kar Spreyi 150ml,"₺118,80"
Onur Hamarat,Onur Hamarat Islak Havlu 60 x3,"₺95,00"
Tchibo,Tchibo Gold Selection Eko Paket 150gr,"₺279,00"
Dardanel,Dardanel Ton 75gr 4'lü,"₺214,00"
Leva House,Rengarenk Yılbaşı Çam Ağacı Işığı 5 Metre Fişli Led Rgb Lambaları Işık Butonlu,"₺159,00"
Dardanel,Dardanel Ton Ekonomik 4x75gr,"₺165,69"
Baproy,Baproy Bebek Yumuşatıcı 1000ml,"₺105,14"
Life by Fakir,Life By Fakir Konsantre Yumuşatıcı 1500ml,"₺128,30"
Life by Fakir,Life By Fakir Sıvı Çamaşır Deterjanı 1500ml,"₺250,00"
Perwoll,Perwoll Sıvı Deterjan Siyah İçin 2970ml,"₺156,88"
Sincap Kitap,Sincap Kitap Bazen Olur Böyle Üzüldüm Sanki,"₺119,00"
Hipp,Hipp Babysanft Bebek El Yıkama Köpüğü 250gr,"₺119,77"
Hipp,Hipp Babysanft Bebek Şampuanı 200ml,"₺124,22"
Hipp,Hipp Mamasanft Hamileler Için Çatlak Önleyici Krem 200ml,"₺430,53"
Giggles,Giggles Yeşilçay Islak Havlu 72'li,"₺85,00"
Finish,Finish Ultimate Plus Hepsi Bir Arada Bulaşık Makinesi Deterjanı Kapsül Tablet 40 Adet,"₺350,00"
Hipp,HiPP Organik Pirinçli Tahıl Bazlı 200 gr,"₺250,00"
Hipp,HiPP Organik Yulaflı Tahıl Bazlı Ek Gıda 200 gr,"₺250,00"
Hipp,Hipp Organik 5 Tahıllı 6+ Ay Kaşık Maması 200 gr,"₺250,00"
Prosafe,Prosafe 60*90 Yatak Koruyucu Örtü 30'lu x4 Adet,"₺899,99"
Bingo,Bingo Akıllı Kapsül Pro Max Bulaşık Makinesi Deterjanı Tableti  40'lı x 2 adet,"₺400,00"
Fitnut,Fitnut %100 Fıstık Ezmesi 360gr,"₺260,00"
Fitnut,Fitnut Parçacıklı %100 Fıstık Ezmesi 360gr,"₺260,00"
Fitnut,Fitnut Şekersiz Çikolatalı Fıstık Ezmesi 800gr,"₺425,00"
Züber,Züber Peanutzilla  Kakaolu Fıstık Kreması 315gr,"₺299,00"
Sudocrem,Sudocrem 60 Gr x3 Adet,"₺549,00"
Sudocrem,Sudocrem 125 Gr x3 Adet,"₺799,00"
Prima,Prima Premium Care Bebek Bezi 4 Beden (9-14 kg) 84'lü x3 Adet,"₺3.699,00"
Prima,Prima Aktif Bebek Bezi i 4 Beden (9-14 kg) 74 Adet,"₺799,00"
Prima,Prima Premium Care Bebek Bezi 4 Beden (9-14 kg) 84 Adet,"₺1.199,00"
Prima,Prima Aktif Bebek Bezi Fırsat Paketi 4 Beden (7-18 kg) 74'lü x4 Adet,"₺1.199,00"
Prima,Prima Premium Care Bebek Bezi 6 Beden (13+ kg) 62'li x3 Adet,"₺4.250,00"
RİCHNUT,Richnut İğde Unu 120gr,"₺145,00"
Yumoş,Yumoş Yumoş Extra Çamaşır Yumuşatıcı Lotus (Mor) 1440 ml 60 Yıkama,"₺230,00"
Yumoş,Yumoş Sprey Orkide 450 ml,"₺150,00"
Solo,Solo Tuvalet Kağıdı Bambu Katkılı 16'lı,"₺175,00"
Fairy,Fairy Power Wipes Yüzey Temizleme Mendili 100 Yaprak,"₺139,00"
Baby Turco,"Baby Turco Doğadan Bonus XXL 7 Numara  (15 kg ve üzeri) Bebek Bezi 62 Adet Baby Turco Doğadan Bonus XXL 7 Numara Bebek Bezi,","₺650,00"
Fairy,Fairy Platinum Limon Kokulu 33'lü x4 Adet,"₺1.399,00"
Molfix,Molfix Bebek Bezi 3 Numara Midi Ultra Fırsat Paketi 68'li x2 Adet,"₺599,00"
Molfix,Molfix 3 Numara Midi 2 Aylık Fırsat Paketi Bebek Bezi 68'li x5 Adet,"₺2.199,00"
Fairy,Fairy Power Wipes Yüzey Temizleme Mendili 100 Yaprak x3 Adet,"₺290,00"
Air Wick,Air Wick Elektrikli Oda Kokusu Cihaz Yedek Şişe Lavanta x2 Adet,"₺549,00"
Yumoş,Yumoş Yumoş Extra Çamaşır Yumuşatıcı Lotus (Mor) 1440 ml 60 Yıkama x3 Adet,"₺550,00"
Yumoş,Yumoş Yumoş Extra Çamaşır Yumuşatıcı Lotus (Mor) 1440 ml 60 Yıkama x4 Adet,"₺650,00"
Hipp,HiPP Organik Bebek Bisküvisi 180gr,"₺230,00"
Yumoş,Yumoş Jet Fresh Giysi Spreyi Lilyum 200 ml x2 Adet,"₺299,00"
Yumoş,Yumoş Jet Fresh Giysi Spreyi Lilyum 200 ml x3 Adet,"₺399,00"
Yumoş,Yumoş Çamaşır Yumuşatıcısı Lilyum 1440 ml + Yumoş Jet Fresh Sprey Lilyum 200 ml,"₺325,00"
Yumoş,Yumoş Jet Fresh Giysi Spreyi Orkide 200 ml x2 Adet,"₺350,00"
Yumoş,Yumoş Çamaşır Yumuşatıcısı Orkide 1440 ml + Yumoş Jet Fresh Sprey Orkide 200 ml,"₺550,00"
Yumoş,Yumoş Jet Fresh Giysi Spreyi Lilyum 200 ml x3 Adet + Yumoş Jet Fresh Giysi Spreyi Orkide 200 ml x3 Adet,"₺795,00"
Yumoş,Yumoş Jet Fresh Giysi Spreyi Lilyum 200 ml x2 Adet + Yumoş Jet Fresh Giysi Spreyi Orkide 200 ml x2 Adet,"₺550,00"
Yumoş,Yumoş Jet Fresh Giysi Spreyi Lilyum 200 ml + Yumoş Jet Fresh Giysi Spreyi Orkide 200 ml,"₺350,00"
Yumoş,Yumoş Sprey Lilyum 450 ml x2 Adet,"₺350,00"
Yumoş,Yumoş Sprey Orkide 450 ml x2 Adet,"₺250,00"
Yumoş,Yumoş Sprey Orkide 450 ml + Yumoş Sprey Lilyum 450 ml,"₺350,00"
Feastables,Feastables Mr Beast Feastables Milk Chocolate 60 gr,"₺299,00"
Humm,Humm Organik Glutensiz Vegan Havuçlu Ve Tarçınlı Kek  30g,"₺135,00"
Humm,Humm Organic 4'lü Tatlı Atıştırmalık Paketi 55 G Karışık  X 4 Adet,"₺399,90"
Humm,Humm Organik Tatlı Kurabiye Atıştırmalık Paketi - 8 Adet (4 ÇEŞİT),"₺750,00"
Humm,Humm Organik Keçiboynuzlu Fındıklı Kurabiye 55 grX 6 ADET,"₺675,00"
Humm,Humm Organik 2'li Karma Mini Küpler Paketi 30g X 6 Adet,"₺440,00"
Humm,Humm Organik Çilekli Vegan Mini Küpler 30g X 3 Adet,"₺299,00"
Humm,Humm Organik Çilekli Mini Küpler Atıştırmalık Paketi 30 gr 6 Adet,"₺525,00"
Humm,Humm Organik Muzlu Mini Küpler 30g X 3 Adet,"₺255,00"
Discover,Discover Hearty Solüsyonu,"₺209,00"
Johnson's Baby,Johnson's Baby Bebek Şampuanı 750 ml,"₺145,00"
Johnson's Baby,Johnson's Baby  Bebek Şampuanı 200 ml x3 Adet,"₺250,00"
Johnson's Baby,Johnson's Baby Bebek Şampuanı 200 ml x4 Adet,"₺249,00"
Johnson's Baby,Johnson's Baby Bebek Şampuanı 750 ml x2 Adet,"₺240,00"
Johnson's Baby,Johnson's Baby Bebek Şampuanı 750 ml x3 Adet,"₺420,00"
Johnson's Baby,Johnson's Baby Bebek Şampuanı 750 ml x6 Adet,"₺799,00"
Johnson's Baby,Johnson's Baby Bebek Şampuanı 750 ml x6 Adet + Johnson's Baby Bebek Şampuanı 200 ml x6 Adet,"₺950,00"
Sleepy,Sleepy Yüzey Temizlik Havlusu Kiraz Çiçeği 100'lü x3 Adet,"₺265,00"
Sleepy,Sleepy Yüzey Temizlik Havlusu Kiraz Çiçeği 100'lü x6 Adet,"₺505,00"
Sleepy,Sleepy Yüzey Temizlik Havlusu Kiraz Çiçeği 100'lü x12 Adet,"₺950,00"
Sleepy,Sleepy Yüzey Temizlik Havlusu Lilyum Buketi 100'lü x3 Adet,"₺265,00"
Sleepy,Sleepy Yüzey Temizlik Havlusu Lilyum Buketi 100'lü x5 Adet,"₺435,00"
Sleepy,Sleepy Yüzey Temizlik Havlusu Lilyum Buketi 100'lü x6 Adet,"₺520,00"
Sleepy,Sleepy Yüzey Temizlik Havlusu Lilyum Buketi 100'lü x12 Adet,"₺950,00"
Hipp,HiPP Organik İyi Geceler  Yulaflı Elmalı Sütlü Tahıl Bazlı Ek Gıda 250ML,"₺265,00"
Hipp,HiPP Organik İyi Geceler  Elmalı Sütlü Tahıl Bazlı Ek Gıda 250ML,"₺265,00"
Yumoş,Yumoş Extra Konsantre Çamaşır Yumuşatıcısı Şakayık 1440,"₺250,00"
Yumoş,Yumoş Çamaşır Yumuşatıcısı Şakayık 1440 ml+ Yumoş Lilyum 1440 ml+Yumoş Orkide 1440 ml,"₺599,00"
Yumoş,Yumoş Extra Konsantre Çamaşır Yumuşatıcısı Sakura 1440 x4 Adet,"₺495,00"
Yumoş,Yumoş Çamaşır Yumuşatıcısı Sakura 1440 x2 Adet + Yumoş Lilyum 1440 ml x2 Adet,"₺599,00"
Perwoll,Perwol Sıvı Deterjan Siyahlar 2970 ml x2 Adet,"₺350,00"
Perwoll,Perwol Sıvı Deterjan Siyahlar 2970 ml x3 Adet,"₺499,00"
Schogetten,Schogetten Çilek Yoğurt Dolgulu Çikolata 100gr,"₺199,00"
Mastiqe,Mastiqe Damla Sakızlı  Şekersiz Sakız Yeşil Nane*12 adet,"₺565,00"
Mastiqe,Mastiqe Doğal Nane Aromalı Damla Sakızlı Şekersiz Sakız 20 Grx12 Adet,"₺565,00"
Züber,Züber Karma Ice Tea Paketi 250ml X 12 Adet,"₺645,00"
Dağcı,Dağcı Toxline Fermente Sandaloz Sakızlı Detoks Sirke | Metabolizma Desteği 500 ml,"₺387,90"
Evolvia,Evolvia Nutripro Plus 3 Devam Sütü 1000 gr,"₺1.200,00"
RİCHNUT,Richnut  Kırmızı Pancar Tozu 150 Gr,"₺219,00"
Evolvia,Evolvia Nutripro Plus 3 Devam Sütü 1000 gr X 2 Adet,"₺2.299,00"
Evolvia,Evolvia NutriPRO Plus 1 Bebek Sütü 1000 Gr,"₺1.200,00"
Evolvia,Evolvia NutriPRO Plus 1 Bebek Sütü 1000 gr x 3 Adet,"₺3.400,00"
Evolvia,Evolvia NutriPRO Plus 2 Devam Sütü 1000 gr,"₺1.200,00"
Evolvia,Evolvia NutriPRO Plus 2 Devam Sütü 1000 gr x 3 adet,"₺3.400,00"
Dr.Schar,Schar Mix B Glutensiz Ekmek Unu 1000 gr,"₺270,00"
Dr.Schar,Schar Rustico Glutensiz Lifli Ekmek 250 gr,"₺220,00"
Dr.Schar,Schar Glutensiz Lavash,"₺249,00"
Dr.Schar,Schar Mini Sorrisi Kaymaklı Çikolatalı Bisküvi 100 gr,"₺225,00"
Dr.Schar,Schar Mix B Glutensiz Ekmek Unu 1000 gr (5 ADET),"₺1.050,00"
Dr.Schar,Schar Farina Çok Amaçlı Glutensiz Un Karışımı 1000 gr (5 ADET),"₺899,00"
Dr.Schar,Schar Pan Blanco Glutensiz Beyaz Ekmek 250 gr (8 ADET),"₺980,00"
Dr.Schar,Schar Rustico Glutensiz Ekşi Mayalı ve Tahıllı Ekmek 250 gr (8 ADET),"₺1.150,00"
Dr.Schar,Schar Pan Multigrano Glutensiz Tahıllı Ekmek 250 gr (8 ADET),"₺1.150,00"
Ernet,Ernet Çamaşır Sodası 500 gr,"₺89,99"
Asperox,ASPEROX Sparks Diamond  Bulaşık Kapsülü 30'lu x6Adet,"₺699,00"
Ernet,Ernet Çamaşır Sodası 500 gr x2 Adet,"₺149,00"
Ernet,Ernet Çamaşır Sodası 500 gr x4 Adet,"₺299,00"
Omo,Omo Express Fresh Ultra Beyaz Sıvı Çamaşır Deterjanı 1480 ml x2 Adet,"₺499,00"
Asperox,ASPEROX Sparks Diamond  Bulaşık Kapsülü 30'lu x2 Adet,"₺399,00"
Humm,Humm Organic Organik Glutensiz Vegan Kakaolu ve Fındıklı Kek Atıştırmalık Paketi - 6 adet,"₺630,00"
Sleepy,Sleepy Yüzey Temizlik Havlusu Beyaz Sabun (Yeşil) 100 Yaprak x5 Adet,"₺499,00"
Sleepy,Sleepy Yüzey Temizlik Havlusu Beyaz Sabun (Yeşil)  100 Yaprak x2 Adet,"₺250,00"
Sleepy,Sleepy Yüzey Temizlik Havlusu Beyaz Sabun (Yeşil) 100 Yaprak x4 Adet,"₺399,00"
Sleepy,Sleepy Yüzey Temizlik Havlusu Beyaz Sabun (Yeşil) 100 Yaprak x6 Adet,"₺599,00"
Sleepy,Sleepy Yüzey Temizlik Havlusu Beyaz Sabun (Yeşil)  100 Yaprak x12 Adet,"₺1.400,00"
Persil,Persil Jel Deterjan Gülün Büyüsü 26 Yıkama 1690ml,"₺300,00"
Fairy,Fairy Tablet Platinum Hepsi Bir Arada 50 Adet,"₺559,00"
Persil,Persil Jel Deterjan Gülün Büyüsü 26 Yıkama 1690ml x2 Adet,"₺449,00"
Persil,Persil Jel Deterjan Gülün Büyüsü 26 Yıkama 1690ml x4 Adet,"₺850,00"
Fairy,Fairy Tablet Platinum Hepsi Bir Arada 50 Adet x2 Adet,"₺999,00"
Fairy,Fairy Tablet Platinum Hepsi Bir Arada 50 Adet x4Adet,"₺1.749,00"
Doğuş,Doğuş Siyah Filiz Çayı 1000 gr x 6 Adet,"₺1.585,00"
Nutella,Nutella Kakaolu Fındık Kreması Cam Kavanoz 2 Ad X 750 Gr,"₺630,00"
Humm,Humm Organic Organik Ballı Kinoalı Kurabiye 55g X 6 Adet,"₺699,00"
Humm,Humm Organic Organik Chefline Tahinli Pekmezli Vegan Kurabiye 55g X 6 Adet,"₺675,00"
Vatan Yumuşatıcı,Vatan Kaynana Çatlatan Yumuşatıcı 1440 ml,"₺159,00"
Vatan Yumuşatıcı,Vatan Elti Çatlatan Yumuşatıcı 1440 ml,"₺159,00"
Vatan Yumuşatıcı,Vatan Komşu Çatlatan Yumuşatıcı 1440 ml,"₺149,00"
Vatan Yumuşatıcı,Vatan Dünür Çatlatan Yumuşatıcı 1440 ml,"₺150,00"
Vatan Yumuşatıcı,"Vatan Elti Çatlatan Yumuşatıcı 3,45 L","₺219,00"
Vatan Yumuşatıcı,Vatan Yumuşatıcı 1440 ml 4'lü Set: Elti+Kaynana+Komşu+Dünür,"₺399,00"
Vatan Yumuşatıcı,Vatan Komşu Çatlatan Yumuşatıcı 1440 ml x3 Adet,"₺249,00"
Vatan Yumuşatıcı,Vatan Yumuşatıcı 1440 ml 3'lü Set: Elti+Kaynana+Komşu,"₺239,00"
Vatan Yumuşatıcı,Vatan Komşu Çatlatan Yumuşatıcı 1440 ml x4 Adet,"₺399,00"
Vatan Yumuşatıcı,Vatan Yumuşatıcı 1440 ml 2'li Set: Elti+Komşu,"₺229,00"
Vatan Yumuşatıcı,Vatan Yumuşatıcı 1440 ml 3'lü Set: Elti+Dünür+Komşu,"₺259,00"
Vatan Yumuşatıcı,Vatan Komşu Çatlatan Yumuşatıcı 1440 ml x2 Adet,"₺299,00"
Vatan Yumuşatıcı,Vatan Elti Çatlatan Yumuşatıcı 1440 ml x4 Adet,"₺499,00"
Vatan Yumuşatıcı,"Vatan Yumuşatıtı 3,45 L Set: Elti+Komşu","₺189,00"
Glint,Glint Çok Amaçlı Bitkisel Sprey 1000 Ml,"₺149,00"
Glint,Glint Çok Amaçlı Bitkisel Sprey 1000 ml x2 Adet,"₺249,00"
Glint,Glint Çok Amaçlı Bitkisel Sprey 1000 ml x3 Adet,"₺549,00"
Glint,Glint Çok Amaçlı Bitkisel Sprey 1000 ml x6 Adet,"₺649,00"
Prima,Prima Aktif Bebek Ekonomik 3 Beden 62'li,"₺599,00"
Prima,Prima Aktif Bebek Ekonomik 4 Beden 54'lü,"₺599,00"
Ariel,Ariel Oxi Ekstra Hijyen Renklilere Özel 5.5 kg,"₺545,00"
Ariel,Ariel Toz Dağ Esintisi Beyazlar ve Renkliler 7 kg,"₺599,00"
Fairy,Fairy Tablet Platinum 96'lı,"₺850,00"
Prima,Prima Aktif Bebek Bezi 5 Beden Junior (11-16 kg) 46'lı x2 Adet,"₺1.399,00"
Prima,Prima Aktif Bebek Ekonomik 7 Beden 34'lü x2 Adet,"₺1.399,00"
Prima,Prima Pampers Islak Havlu Fresh Clean 156 yaprak x3 Adet,"₺880,00"
RİCHNUT,RİCHNUT Keçiboynuzu Tozu - %100 Harnup Unu,"₺184,00"
Tchibo,Tchibo Gold Selection Çözünebilir Kahve/Ekonomik Kahve 75 Gr.,"₺195,00"
Tchibo,Eduscho Eduscho Crema Gold Çekirdek Kahve 500 gR,"₺715,00"
Tchibo,Tchibo Privat Kaffee African Blue Filtre Kahve 250 Gr.,"₺450,00"
Linden,Linden Sıvı Çamaşır Deterjanı Renkliler 2800 ml,"₺229,00"
Linden,Linden Sıvı Çamaşır Deterjanı Siyahlar 2800 ml,"₺229,00"
Linden,Linden Cam Yüzey Temizleyici Sprey 750 ml,"₺129,00"
Linden,Linden Banyo Temizleyici Sprey Köpük 750 ml,"₺129,00"
Linden,Linden Yüzey Temizleyici  Beyaz Sabun 2000 ml,"₺129,00"
Linden,Linden Yüzey Temizleyici Pudra 2000 ml,"₺129,00"
Linden,Linden Yüzey Temizleyici Lavanta 2000 ml,"₺129,00"
Jacobs,Jacobs 3'ü 1 Arada Gold Yoğun Lezzet Karışım Kahve 40'lı Kutu,"₺469,90"
Giggles,Giggles Yeşilçay Islak Havlu 72'li x4 Adet,"₺149,00"
Giggles,Giggles Yeşilçay Islak Havlu 72'li x8 Adet,"₺299,00"
Dr. Comfort,Dr.Comfort Hasta Bezi Emici Külot XL beden 30'lu,"₺619,00"
Dr. Comfort,Dr.Comfort Hasta Bezi Emici Külot M Beden 30'lu x2 Adet,"₺1.249,00"
Dr. Comfort,Dr.Comfort Hasta Bezi Emici Külot M Beden 30'lu x3 Adet,"₺1.499,00"
Dr. Comfort,Dr.Comfort Hasta Bezi Emici Külot L Beden 30'lu x2 Adet,"₺985,00"
Dr. Comfort,Dr.Comfort Hasta Bezi Emici Külot L Beden 30'lu x3 Adet,"₺1.480,00"
Vatan Yumuşatıcı,Vatan Baby Touch Yumuşatıcı 1440 ml,"₺139,00"
Vatan Yumuşatıcı,Vatan Baby Touch Konsantre Çamaşır Yumuşatıcı 1440 ml x2 Adet,"₺249,00"
Vatan Yumuşatıcı,Vatan Baby Touch Konsantre Çamaşır Yumuşatıcı 1440 ml x4 Adet,"₺499,00"
Züber,Züber Nutzilla Fındık Kreması Kakaolu 315g,"₺399,00"
Greendas,Greendas Leke Çözücü 1000 ml,"₺179,00"
Greendas,Greendas Leke Çözücü 1000 ml x2 Adet,"₺269,00"
Greendas,Greendas Leke Çözücü 1000 ml x3 Adet,"₺425,00"
Greendas,Greendas Leke Çözücü 1000 ml x5 Adet,"₺549,00"
Greendas,Greendas Leke Çözücü 1000 ml x12 Adet,"₺1.169,00"
Sleepy,Sleepy Yüzey Temizlik Havlusu Çamaşır Suyu (Mavi) 100 Yaprak,"₺170,00"
Sleepy,Sleepy Yüzey Temizlik Havlusu Çamaşır Suyu (Mavi) 100 Yaprak x3 Adet,"₺359,00"
Sleepy,Sleepy Yüzey Temizlik Havlusu Çamaşır Suyu (Mavi) 100 Yaprak x6 Adet,"₺650,00"
Kahve Dünyası,Kahve Dünyası Orta Kavrulmuş Türk Kahvesi 100 gr X 12 Adet,"₺700,73"
Kahve Dünyası,Kahve Dünyası Orta Kavrulmuş Türk Kahvesi 100 gr x24 Adet,"₺1.999,00"
Kahve Dünyası,Kahve Dünyası Orta Kavrulmuş Türk Kahvesi 100 gr x6 Adet,"₺435,00"
Kahve Dünyası,Kahve Dünyası Orta Kavrulmuş Türk Kahvesi 100 gr x4 Adet,"₺320,00"
Kahve Dünyası,Kahve Dünyası Orta Kavrulmuş Türk Kahvesi 100 gr X 48 Adet,"₺2.750,00"
Kahve Dünyası,Kahve Dünyası Orta Kavrulmuş Türk Kahvesi 100 gr X 3 Adet,"₺295,00"
Tchibo,Tchibo Türk Kahvesi 100 gr x 12 Adet,"₺825,00"
Tchibo,Tchibo Türk Kahvesi 100 gr X 3 Adet,"₺255,00"
Tchibo,Tchibo Türk Kahvesi 100 gr X 8 Adet,"₺599,00"
Prima,Prima Aktif Bebek 3 Numara Bebek Bezi Aylık Fırsat Paketi 62li X 3 Adet,"₺1.699,00"
Fairy,Fairy Tablet Platinum Plus 30'lu,"₺299,00"
Life by Fakir,Life By Fakir Bitkisel Bazlı Vegan Çamaşır Yumuşatıcısı 1500 ml X 3 Adet,"₺390,00"
Komili,Komili Ayçiçek  Yağı Pet  5 LT,"₺690,00"
Bal Küpü,Balküpü Toz Şeker 3 kg,"₺249,00"
Bal Küpü,Bal Küpü Toz Şeker 3 Kg x2 Adet,"₺520,00"
Bal Küpü,Bal Küpü Küp Şeker 1 Kg x4 Adet,"₺450,00"
Tchibo,Tchibo Filtre Kahve Kağıdı 3 Adet,"₺399,00"
Lipton,Lipton Earl Grey Dökme Çay 1000 gr,"₺450,00"
Lipton,Lipton Earl Grey Dökme Çay 1000 gr  x2Adet,"₺745,00"
Lipton,Lipton Yellow Label 1 kg,"₺410,00"
Lipton,Lipton Yellow Label Dökme Çay 1000gr x3 Adet,"₺999,00"
Tchibo,Tchibo Barista Caffe Crema 500 gr x6Adet,"₺4.599,00"
Lipton,Lipton Yellow Label Dökme Çay 1000 gr x2 Adet,"₺690,00"
Lipton,Lipton Yellow Label Dökme Çay 1000 gr x6 Adet,"₺1.850,00"
Lipton,Lipton Yellow Label Çay 1000 Gr x9 Adet,"₺2.750,00"
Lipton,Lipton Earl Grey Dökme Çay 1000gr x3 Adet,"₺1.075,00"
Molfix,Molfix Bebek Bezi 5 Beden Junior Dev Ekonomik Paket 48 Adet,"₺381,60"
Okey,Okey Rötar Geciktiricili Ekonomik 20'li Prezervatif,"₺330,00"
Bepanthol,Bepanthol Derma Cilt Bakım Kremi 50gr,"₺323,99"
Hipp,Hipp 2 Organic Combiotic Devam Sütü 350 gr,"₺539,99"
Bepanthol,"Bepanthol Cilt Bakım Kremi 100gr L Tüm Cilt Tiplerine Uygun, El ve Günlük Yüz Bakım, Vücut Bakım","₺450,00"
Bepanthol,Bepanthol Baby Pişik Önleyici Merhem 30gr,"₺192,00"
Hipp,Hipp 1 Organic Combiotic Bebek Sütü 350 gr,"₺539,88"
Finish,Finish Hepsi Bir Arada 65 Tablet Bulaşık Makinesi Deterjanı,"₺415,08"
Sleepy,Sleepy Natural Bebek Bezi Jumbo 6 Beden 15-25 Kg 20 Adet,"₺239,88"
Hipp,Hipp 1 Organic Combiotic Bebek Sütü 350 gr X 3 Adet,"₺1.227,15"
Hipp,Hipp 2 Organic Combiotic Devam Sütü 350 gr X 3 Adet,"₺1.271,59"
Bref,Bref Power Aktiv Okyanus Tekli 50 gr,"₺119,88"
Bingo,"Bingo Soft Konsantre Çamaşır Yumuşatıcısı Lovely 1,44 Lt","₺192,00"
ABC,Abc Parfumia Konsantre Çamaşır Yumuşatıcısı Tutkulu Dahlia (Kırmızı) 1440 ml x4 Adet,"₺540,00"
ABC,Abc Parfumia Konsantre Çamaşır Yumuşatıcısı Romantik Gül (Pembe) 1440 ml x4 Adet,"₺474,00"
Kahve Dünyası,Kahve Dünyası 3ü 1 Arada Klasik 8'li x5 Adet,"₺242,40"
Molfix,Molfix 4 Beden Maxi Külot Bez 30 Adet,"₺409,00"
Canbebe,Canbebe Süper Eko 5 Beden Junior 22 Adet Bebek Bezi,"₺197,88"
SMA,Sma Optipro 2 Probiyotik 6-12 Ay Devam Sütü 800 G Kategori: Devam Sütü,"₺911,88"
Bebelac,Bebelac Gold 3 Devam Sütü 350 Gr,"₺462,00"
Bebelac,Bebelac Gold 1 Bebek Sütü 350 gr,"₺379,08"
Canped,Canped Ultra Mesane Pedi L Yoğun 10'Lu,"₺199,00"
Sincap Kitap,Sincap Kitap Maceracı Araçlar - Pop-up Ile Keşfet,"₺214,80"
Aptamil,Aptamil 5 Çocuk Devam Sütü 800 G 2+ Yaş Akıllı Kutu,"₺1.050,00"
Aptamil,Aptamil 3 Devam Sütü 800 G 9-12 Ay Akıllı Kutu,"₺815,00"
Molfix,Molfix Bebek Bezi 5 Beden Junior 2 Aylık Fırsat Paketi 240 adet,"₺1.732,80"
Fairy,Fairy Platinum Plus Bulaşık Makinesi Deterjanı Kapsülü 13 Yıkama,"₺215,88"
Züber,Züber Yer Fıstıklı Ve Kakaolu Meyve Bar 40g X 12 Adet,"₺515,10"
Züber,Züber Meyve Bar Fındık Ve Kakaolu 40g X 12 Adet,"₺615,00"
Bebelac,Bebelac Gold Bebek Devam Sütü No 2 350 gr,"₺395,88"
Air Wick,Air Wick Oda Kokusu Freshmatic Lavanta 2'li Yedek,"₺358,80"
Züber,Züber Kakaolu Ve Portakallı Meyve Bar 40 Gr X 12 Adet,"₺515,10"
Bingo,Bingo Soft Sensitive Konsantre Yumuşatıcı 1440 ml,"₺270,00"
Tchibo,Tchibo Privat Kaffee Latin Grande Öğütülmüş Filtre Kahve 250 Gr.,"₺455,00"
Tchibo,Tchibo Espresso Sicilia Öğütülmüş Kahve 250 Gr.,"₺470,00"
Tchibo,Tchibo Black'N White Çözünebilir Kahve 100 g,"₺419,99"
Tchibo,Tchibo Feine Milde Çözünebilir Kahve 100 g,"₺363,60"
Tchibo,Tchibo Privat Kaffee Latin Grande Çekirdek Kahve 500 g,"₺615,00"
Red Bull,Red Bull Sugarfree Enerji Içeceği 24 X 250 ml,"₺1.084,49"
SMA,Sma Optipro Bebek Sütü 1 Numara 400 gr x 3 Adet,"₺1.060,50"
Fellas,Fellas Protein Bar - Duble Kakaolu 32 gr x 12 Adet,"₺520,15"
SMA,Sma Optipro Bebek Sütü 1 Numara 800 gr X 3 Adet,"₺2.070,50"
Çaykur,Çaykur Filiz Çay 500 gr X 4 Adet,"₺504,99"
Bepanthol,Bepanthol Baby Pişik Kremi 2 Kutu 30 gr,"₺480,00"
Tchibo,Tchibo Barista Espresso Çekirdek Kahve 1000 g,"₺1.008,99"
Sincap Kitap,Balık Noni Ve Sevimli Dostları – Bu Kocaman Gözler Kimin,"₺238,80"
Yudum,Yudum Egemden Sızma Zeytinyağı Yoğun Lezzet 1 L,"₺345,00"
Bepanthol,"Bepanthol Cilt Bakım Kremi 30gr l Tüm Cilt Tiplerine Uygun, Günlük El ve Yüz Bakım, Günlük Vücut Bakım","₺191,99"
Lipton,Lipton Yellow Label Demlik Siyah Poşet Çay 150 Adet 4 Paket,"₺795,00"
Tchibo,Tchibo Cafissimo Caffé Crema Fine Aroma 10'lu Kapsül Kahve,"₺181,80"
Finish,Finish Quantum Max 22 Tablet,"₺179,99"
Hipp,Hipp Babysanft Bebek El Yıkama Köpüğü 250 ml 1 Adet,"₺301,80"
Arbella,Arbella Plus Glutensiz Spaghetti Makarna 400 Gr.,"₺114,00"
Tchibo,Tchibo Exclusive Decaf Kafeinsiz Öğütülmüş Filtre Kahve 250 g,"₺455,00"
Aptamil,Aptamil 5 800 gr devam sütü 2 adet,"₺1.945,00"
ABC,Abc Arap Sabunu 900 ml 4'lü,"₺322,80"
Dardanel,Dardanel 75 gr x 4 Ton Balığı (3+1) 6'lı Paket,"₺1.150,39"
Canped,Canped Mesane Pedi Normal M Beden 10'lu x 2 adet,"₺226,80"
Lüks,Lüks Asya Kürdan 200'lı,"₺20,35"
Sincap Kitap,Merhaba Eşyalarım Cırt Cırtlı Hikaye Kitabı,"₺238,80"
ABC,ABC Sıvı Arap Sabunu Klasik 900 gr,"₺131,99"
Giggles,Giggles Külotlu Yetişkin Hasta Bezi Orta Boy L beden 30'lu x2 Adet,"₺1.020,00"
Shazel,Shazel Özel Harman Filtre Kahve Öğütülmüş  250 gr,"₺151,40"
Sincap Kitap,Bazen Olur Böyle Biraz Korktum Sanki 0-6 Yaş Eğitici Hikaye Kitabı Duygularına Yön Ver,"₺139,00"
Sincap Kitap,Sincap Merhaba Çiftlik (cırtlı Hikaye Kitabı),"₺239,00"
Bepanthol,Bepanthol Derma Nemlendirici Ve Besleyici Spf 25 Günlük Yüz Bakım Kremi 50 ml - Günlük Yoğun Nemlendirici,"₺624,00"
Bepanthol,Bepanthol Derma Günlük Vücut Bakım Losyonu 400 ml-  Kuru ve Hassas Ciltler - Günlük Yoğun Nemlendirici,"₺815,99"
SMA,Sma 3 Optipro Probiyotik Devam Sütü 800 gr X 3 Adet,"₺2.070,50"
Züber,Züber Fıstık Ezmesi Kakaolu 315g X 3 Adet,"₺636,30"
SMA,Sma Mama 1 - 800 gr Probiyotik,"₺775,08"
Canbebe,Prosafe Buyuk 7'lı,"₺176,00"
SMA,Sma Marka: Optipro 1 0-6 Ay Bebek Sütü 1 Paket (1 X 400 G),"₺479,99"
Züber,Züber Fıstık Ezmesi Deneme Paketi 3 Adet X 315 gr,"₺636,30"
Dr. Oetker,Pudra Şekeri 250 gr 6 Adet,"₺302,90"
Molfix,Molfix Bebek Bezi 5 Numara Junior Avantajlı Paket 48'li x3 Adet,"₺799,00"
Sudocrem,Sudocrem  Bebek Bakım Kremi 400 Gr,"₺695,88"
SMA,Sma Optipro Probiyotik 3 Devam Sütü 400 Gr X 3 Adet,"₺1.212,00"
Schogetten,Schogetten Alman Yapımı Alpine Sütlü Çikolata 100gr sütlü,"₺195,00"
Giggles,Giggles Külotlu Yetişkin Hasta Bezi Orta Boy L beden 30'lu x3 Adet,"₺1.554,00"
Knorr,Tavuk Suyu Bulyon 120 Gr. 12'li,"₺52,29"
Bebelac,Bebelac Gold 2 Devam Sütü 800 gr,"₺671,88"
Bebelac,Bebelac 1 Bebek Sütü 400 g 0-6 Ay,"₺359,88"
SMA,Sma 2 Optipro Probiyotik Devam Sütü 800 gr X 3 Adet,"₺2.070,50"
Molfix,Molfix Bebek Bezi Ultra Fırsat Paketi Junior 5 No 78 Li,"₺534,00"
Harrem,Harrem Gül Sirkesi,"₺323,19"
Schogetten,Schogetten Alpine Milk Chocolate 100 gr X 3 Adet sütlü,"₺520,00"
Tchibo,Tchibo Cafissimo Caffè Crema Rich Aroma 2x10 Adet Kapsül Kahve,"₺353,40"
Tchibo,Tchibo Cafissimo Espresso Caramel 2x10 Adet Kapsül Kahve,"₺328,25"
Molfix,Molfix Bebek Bezi Jumbo 2 Mini 36'lı,"₺207,90"
Molfix,Molfix Bebek Bezi Beden:6 (15+kg) Extra Large 372 Adet Ekstra Ultra Fırsat Pk,"₺2.973,60"
Sincap Kitap,Hikayeli Ilk Kavramlarım - Sayılar,"₺154,80"
Sincap Kitap,Hikayeli Ilk Kavramlarım - Hava Durumu,"₺154,80"
Giggles,Giggles Vücut Temizleme Havlusu 50'li 6 Paket 300 Havlu,"₺336,00"
Giggles,Giggles Vücut Temizleme Havlusu 50'li 12 Paket 600 Havlu,"₺563,99"
Molfix,Molfix Bebek Bezi Ultra Fırsat Paketi Maxi 4 No 100 Lü X 3 Adet,"₺1.486,80"
Sudocrem,Sudocrem  Bebek Bakım Kremi 400 gr X 2 Adet,"₺1.175,88"
Molfix,Molfix Bebek Bezi 6 Extra Large 15 Kg 62'li Fırsat Paketi,"₺539,88"
Bingo,Bingo Soft Konsantre Yumuşatıcı 1440 ml Lovely X2 Adet,"₺504,00"
Giggles,Giggles Vücut Temizleme Havlusu 50 Adet,"₺119,99"
Finish,Finish Quantum Tablet Hepsi1arada 30lu,"₺299,99"
Sincap Kitap,Merhaba Orman,"₺286,80"
Tchibo,Tchibo Cafissimo Caffè Crema Decaffeinato 2x10 Adet Kapsül Kahve,"₺328,25"
Shazel,Shazel Hindistan Cevizli Hazır Türk Kahvesi 100 Gr. X 3 Adet,"₺137,26"
Baproy,Baproy Baby Bitkisel Biberon Emzik Temizleyicisi 500 Ml,"₺113,99"
Baproy,Baproy %100 Doğal Bebekler Için Bitkisel Biberon Emzik Temizleyicisi 500 ml * 2 Adet Toplam 1000ml,"₺179,99"
Bounty,Bounty Secret Centre Biscuits 132 Gr. (1 ADET),"₺160,59"
Tchibo,"Tchibo Cafissimo Milk, Siyah Içecek Hazırlama Espresso Makinesi","₺0,00"
Bepanthol,Bepanthol Baby Vücut Şampuanı 400 ml,"₺467,99"
Sincap Kitap,Bu Kocaman Gözler Kimin? - Kedi Tırmık Ve Sevimli Dostları,"₺199,00"
Finish,Finish Ultimate Hepsi Bir Arada Bulaşık Makinesi Deterjanı  Kapsül Tablet  48 Adet,"₺431,99"
Molfix,Molfix Bebek Bezi 6 Beden Extra Large Avantajlı Paket 114 Adet,"₺1.039,20"
Molfix,Molfix Bebek Bezi 4 Beden Maxi Avantajlı Paket 186 Adet,"₺1.038,00"
Cif,Cif Jel 500ml Krem 500ml Copack,"₺215,88"
Molfix,Molfix 3D 6 Beden Extra Large Bebek Bezi 38'li,"₺381,60"
Eduscho,Tchibo Eduscho Caffé Crema Strong 500gr,"₺383,80"
Eduscho,Tchibo Classıc Strong 250gr Filtre Kahve Sert,"₺137,26"
Eduscho,Tchibo Eduscho Classıc Tradıtıonal 250gr,"₺137,26"
Baproy,Baproy Bitkisel Çamaşır Yumuşatıcısı Doğal Lavanta Yağlı 1l X2,"₺359,88"
Leva House,Yılbaşı Süsü Davul 12 Li Hediye Paketi,"₺106,80"
Tchibo,Tchibo Gold Selection Öğütülmüş Filtre Kahve 250 gr X 4 Adet,"₺875,00"
Sleepy,Sleepy Easy Clean Beyaz Sabun Katkılı Mopa Uyumlu Yer Temizlik Havlusu 6x50 (300 YAPRAK),"₺942,00"
Sleepy,Easy Clean Beyaz Sabun Katkılı Mopa Uyumlu Yer Temizlik Havlusu 3x50 (150 YAPRAK),"₺564,00"
Sleepy,Easy Clean Beyaz Sabun Katkılı Mopa Uyumlu Yer Temizlik Havlusu 50 Yaprak,"₺228,00"
Detan,Süper Elektrolikit Yedek 60 Gece,"₺239,88"
Sleepy,Easy Clean Çamaşır Suyu Katkılı Mopa Uyumlu Yer Temizlik Havlusu 3x50 (150 YAPRAK),"₺492,00"
Sleepy,Sleepy Çamaşır Suyu Katkılı 8 Katlı 4 X Large Mopa Uyumlu Yer Temizlik Havlusu 50li,"₺240,00"
Sleepy,Sleepy Arap Sabunu Katkılı Mopa Uyumlu 4 Xlarge Yer Temizlik Havlusu 50 Yaprak,"₺240,00"
Sleepy,Sleepy Easy Clean Arap Sabunu Katkılı Mopa Uyumlu Yer Temizlik Havlusu 3x50 (150 YAPRAK),"₺540,00"
Sincap Kitap,Bazen Olur Böyle Biraz Kıskandım Sanki 0-6 Yaş Eğitici Hikaye Kitabı Duygularına Yön Ver,"₺178,80"
Sleepy,Sleepy Mopa Uyumlu Karma Paket 3X50 (150 Yaprak) ; Çamaşır Suyu 50li+ Arap Sabunu 50li+ Beyaz Sabunlu 50li,"₺630,00"
Bingo,Bingo Soft Konsantre Çamaşır Yumuşatıcısı Lovely 1440 ml X 6 Adet,"₺624,00"
Cif,Cif Ultra Anında Etki Kir Ve Yağ Çözücü 1025 ml,"₺144,00"
Ülker,Ülker Meşhur Dubai Lezzeti Dubai Çikolatası 93 gr x 3 Adet,"₺201,90"
Ülker,Ülker Meşhur Dubai Lezzeti Kadayıflı Dubai Çikolatası 93 g,"₺90,89"
Bingo,Bingo Soft Konsantre Çamaşır Yumuşatıcısı Sensitive 1440 ml X 6 Adet,"₺810,00"
Bingo,Bingo Soft Konsantre Çamaşır Yumuşatıcısı Sensitive 1440 ml X 4 Adet,"₺660,00"
RAPATA,RAPATA CIKOLATA DUBAI 200 GR,"₺402,99"
Bref,Bref Power Aktiv Katı Klozet Blok Çam Kokulu 2 Li X 5 Adet,"₺384,00"
Varta,Varta Longlife Extra Alkalin Kalem Pil - Aa - 4'lü,"₺118,10"
Uni Baby,Uni Baby Yenidoğan Islak Mendil 3' Lü Avantaj Paket,"₺350,00"
Canbebe,Canbebe Bakım Ortusu 8'li,"₺71,88"
Koroplast,Koroplast Büyük Boy Çöp Torbası 10'lu,"₺61,97"
Koroplast,Koroplast Çöp Torbası Ekonomık Kucuk 30lu,"₺23,99"
Barilla,Barilla Burgu / fusilli Makarna 500 gr,"₺46,80"
Uni Baby,Uni Baby Simple Clean 72'li Islak Havlu,"₺89,88"
LUX,LUX Jelatin Kaplı Kürdan 200 Adet,"₺27,25"
Kahve Dünyası,Kahve Dünyası Filtre Kahve Kağıdı No:4 80 Adet yni tsrm718675,"₺133,19"
Knorr,Knorr 65 GR PUL BİBER,"₺64,67"
Yumoş,Yumoş Sprey Yıkaması Lilyum 450 ml,"₺189,00"
Kinder,Kinder Joy Süpriz Yumurta Kızlar Için 20 grX 24,"₺920,00"
Fellas,Fellas Yüksek Protein Bar Badem Ve Kakao 12x45 gr,"₺723,06"
Fellas,Fellas Yüksek Protein Bar - Hindistan Cevizli ve Kakaolu 45 gr x 12 Adet,"₺656,40"
Dardanel,Dardanel Ton Balığı Ekonomik 75 Gr X 24 Adet,"₺935,16"
Pastavilla,Pastavilla Fiyonk Makarna 500 gr 10 Adet,"₺155,00"
Nar,Nar 500 G Toz Esmer Şeker,"₺115,08"
Sleepy,Sleepy Islak Havlu Zeytinyağlı 90'lı,"₺59,00"
Tchibo,Tchibo Barista Caffe Crema Çekirdek Kahve 1kg,"₺1.060,50"
Eduscho,Eduscho Espresso Intenso Çekirdek Kahve 500 Gr,"₺272,69"
Shazel,Shazel Drip Filtre Kahve Klasik- 24'lü/ 2 Kutu,"₺242,40"
Yumoş,Yumoş Jet Fresh Lilyum Giysi Spreyi 200 ml,"₺125,88"
Yumoş,Yumoş Jet Fresh Orkide Giysi Spreyi 200 ml,"₺119,88"
Sleepy,Marka: Zeytinyağı & Pamuk Kutulu Islak Havlu 3x50 Kategori: Bebek Islak Mendil,"₺125,00"
Sleepy,Jumbo 4 No Maxi 30'lu (7-14kg),"₺89,88"
Sleepy,Islak Mendil Sensitive,"₺84,00"
Sleepy,Sleepy Islak Havlu Zeytinyağlı 90'lı x9 Adet,"₺299,88"
Philips Avent,Scf376/22 Ultra Air Night Karanlıkta Parlar Gece Emziği 6-18 Ay Kız,"₺355,19"
Philips Avent,Ultra Air Nighttime Kız Emzik 18 Ay Scf349/12,"₺347,99"
Philips Avent,Scf 051/17 Natural Cam Biberon 120ml Tekli,"₺551,99"
Philips Avent,Scf036/17 Natural Pp Biberon 330 ml,"₺839,99"
Philips Avent,Natural Biberon 260 ml 1 Ay  - Cam Değildir. - Scf033/17,"₺479,99"
Philips Avent,"Natural Biberon Emziği, 2 Numara, 1m+ 2'li","₺311,99"
Philips Avent,Natural Yoğun Akış Y Kesim 6 Ay 2li Biberon Emziği,"₺311,99"
Philips Avent,Natural Biberon Emziği No:1 Yenidoğan 0m 2'li,"₺311,99"
Philips Avent,Eğitici Damlatmaz Bardak Kız 6 Scf551/03,"₺359,99"
Philips Avent,Yeşil Pipetli Bardak 300 ml Yeni Model,"₺455,99"
Philips Avent,Natural Güvenli Cam Biberon 240ml 1 Ay 8710103876236,"₺588,00"
Molfix,Ultra Avantaj Paketi Junior No:5 108li,"₺0,00"
Molfix,Molfıx 3 Super Fırsat Paketı Mıdı 86 Lu,"₺0,00"
Molfix,Molfıx 6 Super Fırsat Paketı Large 50lı,"₺0,00"
Molfix,Molfıx 6 Super Fırsat Paketı Large 50lıx2,"₺0,00"
Molfix,Molfıx 3 Super Fırsat Paketı Mıdı 94 Lux2,"₺0,00"
Molfix,Molfıx Ultra Avantaj Paketı Large 86x2,"₺0,00"
Molfix,Ultra Avantaj Paketi X-large No:6 86lı,"₺0,00"
Molfix,Bebek Bezi 4 Beden Maxi Ultra Avantaj Paketi 136 adet,"₺730,80"
Molfix,JUMBO EXTRA LARGE 20 NO 6,"₺227,88"
Molfix,Pure & Soft 3 Beden Midi 34 Adet,"₺105,59"
Molfix,Pure& Soft Bebek Bezi 5 Beden Midi 22 Adet,"₺390,00"
Molfix,Pure & Soft 2 Beden Mini 44 Adet Bebek Bezi,"₺0,00"
Molfix,3d Bebek Bezi 5 Beden 11-18 Kg 24'lü (junior Jumbo) +5 Maske,"₺285,00"
Molfix,Pure&soft 4 Beden Maxi 30adet,"₺157,14"
Molfix,Bebek Bezi Jumbo 20'li,"₺155,88"
Molfix,İzotonik Islak Havlu Ferah Temizlik 3'lü Paket 180 Yaprak,"₺0,00"
Molfix,Külot Bebek Bezi Jumbo Beden:3 Midi 34 Adet 4-9 kg,"₺263,88"
Molfix,Eko Pure & Soft Yeni Doğan 40 Lı,"₺268,80"
Molfix,3d Yenidoğan Ekonomik 40*2 80 Adet,"₺273,90"
Molfix,3d Yenidoğan 40 Adet,"₺155,88"
Molfix,Bebek Bezi 5 Beden Junior Ekonomik Paket 60 Adet,"₺299,88"
Molfix,Molfıx 4 Super Fırsat Paketı Maxı 76 Lı,"₺245,88"
Molfix,Midi 3 Beden 30'lu Bebek Bezi 4-9kg,"₺227,99"
Molfix,Bebek Bezi 3 Beden Midi Ultra Ekonomik Paket 120 Adet,"₺471,90"
Molfix,Bebek Bezi 2 Beden Mini Ultra Ekonomik Paket 144 Adet,"₺482,90"
Molfix,Bebek Bezi 4 Beden Maxi Aylık Fırsat Paketi 150 Adet,"₺670,99"
Molfix,Molfix 3D Yenidoğan Fırsat Paketi 82'li Bebek Bezi 1 Numara,"₺381,60"
Molfix,Bebek Bezi Avantajlı Paket Midi 3 Numara 204 Adet,"₺1.014,00"
Molfix,Bebek Bezi Ultra Fırsat Paketi Junior 5 No 78 Li X 2 Adet,"₺990,00"
Molfix,Bebek Bezi Ultra Fırsat Paketi Junior 5 No 78 Li X 3 Adet,"₺1.486,80"
Molfix,Bebek Bezi Beden:5 (11-18kg) Junior 312 Adet Avantaj Ultra Fırsat Pk,"₺1.982,40"
Molfix,x.Bebek Bezi 3 Beden Midi Süper Fırsat Paketi 135 Adet,"₺718,80"
Hipp,Babysanft Saç Ve Vücut Banyo Jeli 400 ml,"₺300,00"
Hipp,Babysanft Spf50 Yüz Için Güneş Kremi 30 ml,"₺301,84"
Giggles,Giggles Külotlu Yetişkin Hasta Bezi Orta Boy XL beden 30'lu,"₺534,92"
Giggles,Giggles Külotlu Yetişkin Hasta Bezi Orta Boy M beden 30'lu,"₺493,70"
Giggles,Giggles Külotlu Yetişkin Hasta Bezi Orta Boy XL beden 30'lu x2 Adet,"₺1.152,00"
Giggles,Giggles Külotlu Yetişkin Hasta Bezi Orta Boy XL beden 30'lu x4 Adet,"₺1.799,00"
Giggles,Giggles Külotlu Yetişkin Hasta Bezi Orta Boy M beden 30'lu x3 Adet,"₺1.484,40"
Giggles,Giggles Külotlu Yetişkin Hasta Bezi Orta Boy M beden 30'lu x4 Adet,"₺1.858,80"
Finish,Bulaşık Makinesi  Parlatıcı & Kurutucu   Sıvı Limonlu 800 ml 1 Adet,"₺191,99"
Finish,Bulaşık Makinesi  Temizleyici   Koku Giderici Hijyenik Bakım Sıvısı  250 ml,"₺87,48"
Finish,Makine Temizleyici Limon 250 ml,"₺151,19"
Finish,Bulaşık Makinesi Temizleyici 6 Yıkama Kapsül Tablet  3 Adet (3 x 2'li),"₺173,88"
Finish,Bulaşık Makinesi  Parlatıcı & Kurutucu  Sıvı 400 ml,"₺155,99"
Finish,FİNİSH Bulaşık Makinesi Parlatıcı & Kurutucu (1 X 800 Ml),"₺311,99"
Detan,Kokusuz Sinekkıran 275 ml,"₺0,00"
Detan,Karınca Yemi 2 Adet,"₺49,19"
Detan,Detan Maxi Böcek İlacı 250 Ml,"₺238,80"
Detan,Süper Böcek Yemi Çifte Güç 6 Tablet,"₺68,39"
Detan,Böcekkıran Su Bazlı 275 ml,"₺65,99"
Detan,Süper Elektrolikit Sivrisineksiz 30 Gece 1 Cihaz ve Şişe,"₺298,80"
Davbir,"Davbir Japon Kiraz Çiçeği Kokulu Akıllı Robot Süpürge Deterjanı,Sprey Mop Deterjanı,Yüzey Temizleyici 550ml","₺132,00"
Davbir,"Davbir Beyaz Sabun Kokulu Robot Süpürge Deterjanı, Sprey Mop Deterjanı, Konsantre Yüzey Temizleyici 550ml","₺111,59"
Davbir,"Davbir Bebek Pudrası Kokulu Akıllı Robot Süpürge Deterjanı, Sprey Mop Deterjanı, Yüzey Temizleyici 550ml","₺125,00"
Davbir,"Davbir Amber Romantik Kokulu Akıllı Robot Süpürge Deterjanı,Sprey Mop Deterjanı,Yüzey Temizleyici 550ml","₺118,80"
Canped,İç Adet 20'li Tekli Paket Günlük Mesane Pedi Ekstra Uzun,"₺269,88"
Canped,Canped Emici Külot Tekstil Yüzeyli Çocuk Hasta Alt Bezi 8-15 Yaş 8'li,"₺199,00"
Canped,Belbantlı Yetişkin Hasta Bezi Large Büyük 7'li,"₺0,00"
Canped,Canped Hasta Bezi Yetişkin Bel Bantlı Xl- Ekstra Büyük Boy 7 Adet Tekli Pk,"₺0,00"
Canped,Kulotlu Mesane Pedı Medıum 10 Lu,"₺129,00"
Bref,Power Aktiv Katı Tuvalet Bloğu 5 Adet Okyanus Ikili (5'Lİ SET),"₺399,00"
Bepanthol,Bepanthol Yüz Bakım Kremi 75 ml,"₺864,60"
Bepanthol,Bepanthol SensiDaily Vücut Kremi 150 ml l Çok Kuru veya Atopik Ciltler İçin Prebiyotikli Özel Formül,"₺203,88"
Bepanthol,"Bepanthol Onarıcı Merhem 30g Çok Kuru Ciltler, Tahrişe Yatkın Bölgeler, Günlük Yoğun Nemlendirici, Vücut Bakım","₺245,99"
Bepanthol,"Bepanthol Cilt Kremi 30gr & Günlük Yoğun Nemlendirici Dudak Bakım Kremi 7,5ml - El, Dudak ve Günlük Yüz Bakım","₺161,88"
Bepanthol,Bepanthol Baby Pişik Önleyici Merhem 100 gr,"₺323,99"
Bepanthol,Bepanthol Derma Yoğun Nemlendirici Gece Yüz Bakım Kremi 50ml,"₺499,00"
Bepanthol,Bepanthol Derma Günlük Yoğun Nemlendirici Vücut Losyonu 400 ml Çok Kuru Ve Hassas Ciltler - Günlük Vücut Bakım,"₺720,00"
Bepanthol,Bepanthol Derma Günlük Yoğun Nemlendirici Losyon 200 ml L Çok Kuru Ve Hassas Ciltler - Günlük Vücut Bakım,"₺323,99"
Bepanthol,Bepanthol Baby Pişik Önleyici Merhem 50 gr,"₺226,68"
Bepanthol,"Bepanthol Cilt Bakım Kremi 50gr l Tüm Cilt Tiplerine Uygun, El ve Günlük Yüz Bakım, Günlük Vücut Bakım","₺346,68"
Bepanthol,Bepanthol Baby Nemlendirici Vücut Kremi 200 ml Hassas ve Kuru Ciltler Için - Günlük Yoğun Nemlendirici Bakım,"₺1.799,00"
Bepanthol,Bepanthol Derma Cilt Bakım Kremi 100 gr X 2 Adet,"₺694,68"
Bepanthol,Bepanthol Derma Yoğun Nemlendirici Günlük Vücut Losyonu 200 ml Çok Kuru ve Hassas Ciltler 2 Adet,"₺755,88"
Bepanthol,Bepanthol Baby Pişik Önleyici Merhem 100 Gr x2 Adet,"₺885,00"
Baproy,Bitkisel Çamaşır Yumuşatıcısı 1 l Doğal Lavanta Yağlı 25 Yıkama,"₺228,00"
ABC,ABC Konsantre Yumuşatıcı Gizemli Lotus 1440 ml,"₺250,00"
ABC,ABC Konsantre Yumuşatıcı Sensitive 1440 ml,"₺300,00"
ABC,ABC Parfumia Büyüleyici Yasemin Konsantre Yumuşatıcı (Mavi) 1440 ml x4 Adet,"₺480,00"
Bal Küpü,Balküpü Harman Çay 1000 g x 6 Adet,"₺776,05"
Bebelac,Bebelac Gold 2 Devam Sütü 350 gr X 3 Adet,"₺848,40"
Hipp,Hıpp Organık Combıotıc 3 350 gr,"₺479,88"
Hipp,Hipp 3 Combiotic Organik Devam Sütü 800 gr X 3 Adet,"₺2.121,00"
SMA,Sma Optıpro Probıyotık 2 400 gr,"₺479,88"
SMA,Sma 2 Numara Bebek Devam Sütü 400 gr 3'lü Paket,"₺1.212,00"
Shazel,Shazel Hindistan Cevizli Hazır Türk Kahvesi 100g (AROMALI),"₺90,89"
Kahve Dünyası,Kahve Dünyası 2'si 1 Arada Klasik 8'li x5 Adet,"₺242,40"
Fide,Fide Light Ton Balığı 24 X 80 G,"₺757,49"
Fide,Fide Ekonomik Ton Balığı 24 X 80 G,"₺925,06"
Çaykur,Altınbaş Çay 500 gr 6 Adet,"₺733,16"
Tchibo,Tchibo Privat Kaffee Brazil Mild Öğütülmüş Filtre Kahve 250 g,"₺258,46"
Tchibo,VARIAZIONE 1kg,"₺591,85"
Nescafe,Nescafe xpress (ORİGİNAL) 250 ml 24'lü Koli,"₺1.166,00"
Nescafe,Xpress Americano Black (şekersiz) 250 Ml 24'lü Koli,"₺1.018,59"
Nestle,"Nesfit Bitter Çikolatalı Bar 23,5 gr x 16 Adet","₺319,15"
Nestle,Nesfit Kırmızı Meyveli Tam Tahıllı Bar 94 Kalori Besleyici Başlangıç X16,"₺383,70"
SuperFresh,Super fresh Ton Balığı 75 Gr X 24 Adet,"₺995,00"
Dardanel,Zeytinyağlı Ton Balığı 4x75 gr,"₺141,94"
Dardanel,Light Ton Balığı(75*3) 6 Paket,"₺891,73"
Dardanel,Aç Ye Makarnalı Ton Balığı 160 gr X 4 Adet,"₺424,10"
Dardanel,Aç Ye Kuskuslu Ton Balığı 160 gr X 4 Adet,"₺424,19"
Dardanel,Dardanel Aç Ye Dört Tahıllı Ton Balığı 160 gr X 4 Adet,"₺440,26"
Dardanel,Aç Ye Fasulyeli Ton Balığı 160 gr X 4 Adet,"₺329,25"
Fellas,Fellas Yüksek Protein Bar - Yer Fıstıklı ve Kakaolu 45 gr x 12 Adet,"₺504,93"
Fellas,Fellas Protein Bar - Fındıklı ve Kakaolu 32 gr x 12 Adet,"₺440,26"
Fellas,Fellas Meyve Bar - Antep Fıstıklı Ve Kakaolu 40 Gr X 12 Adet,"₺504,90"
Burn,Enerji İçeceği - 250 ml 12 Adet,"₺655,00"
Züber,Züber Meyve Bar Antep Fıstıklı Ve Kakaolu 40g X 12 Adet,"₺720,00"
Eduscho,Tchibo Espresso Classic 500 gr,"₺272,69"
Abdurrahman Tatlıcı,Tadıbu Kakolu Fındık Ezmesi 330 gr,"₺265,00"
Abdurrahman Tatlıcı,Tadıbu Kakaolu Fındık Ezme 330 G *3 Ad,"₺635,00"
Detan,60 Gece Süper Elektrolikit Sivrisinek Kovucu Cihaz + Yedek Delist,"₺322,80"
Sincap Kitap,Bebek Üniversitesi serisi 1 ve 2 -Hikayeli İlk Kavramlarım (2set),"₺419,90"
Sincap Kitap,Bazen Olur Böyle - Biraz Kıskandım Üzüldüm Korktum Kızdım Sanki 4 'lü Set,"₺490,80"
Sincap Kitap,Bulurum Seni Ormanda Ve Bulurum Seni Çiftlikte 2'li Set,"₺490,80"
Discover,Sihirli Küre Hava Temizleme Makine Solüsyonu Energy 150 ml 2 Adet,"₺429,00"
Discover,Sihirli Küre Geniş Alan Kokulandırma Makinesi Parfümü 2 adet Relax 150 ml,"₺409,00"
Sincap Kitap,Bebek Üniversitesi 2. Set 4 Kitap - Hikayeli Ilk Kavramlarım,"₺250,80"
Komili,Riviera Zeytinyağı 1 Lt Pet,"₺347,99"
Baproy,Baproy Bebekler Için Bitkisel Çamaşır Deterjanı 1 Litre 25 Yıkama Baby001,"₺180,00"
Lipton,Yellow Label 3.2 Gr 150'li Demlik Poşet Çay,"₺265,00"
RAPATA,Rapata Fındıklı Tabzon ÇikolatasI 200 GR,"₺301,99"
Çaykur,Çaykur Filiz Çay 500 gr,"₺179,99"
Okey,Okey Prezervatif Klasik 20'li Ekonomik Paket,"₺264,00"
Yumoş,Yumoş Sıvı Deterjan Sıyah 2520 Ml,"₺203,88"
Sincap Kitap,Sincap Kitap Bebek Üniversitesi Hikayeli İlk Kavramlarım Set (Büyük-Küçük-Renkler-Şekiller-İletişim),"₺0,00"
Discover,Discover Sihirli Küre Hava Temizleme Makine Solüsyonu Relax 150ml,"₺229,00"
Discover,Discover Sihirli Küre Solüsyonu Energy,"₺218,90"
Koroplast,Koroplast Buzdolabı Posetı Küçük Boy 4'lü,"₺0,00"
Sincap Kitap,Sincap Kitap Bazen Olur Böyle - Biraz Kızdım Sanki (Mehmet Teber),"₺0,00"
Detan,Detan Karınca ilacı 250 ml,"₺238,80"
Raid,"Raid Elekro Likit Cihaz Ve 1 Yedek, 45 Gece (sivrisineklere Karşı)","₺394,80"
Sincap Kitap,Sincap Kitap Bulurum Seni / Çiftlikte,"₺238,80"
Sincap Kitap,Sincap Kitap Arkadaşlık Ormanı-pop Up Ile Keşfet Sacide Kafalı,"₺238,80"
Bref,Bref Power Aktiv Çam Tekli 50 gr,"₺125,00"
Bref,Bref Power Aktif 2li Lavanta+ 2 li Çam,"₺160,00"
Bref,Bref Power Aktiv Lavanta Tekli 50 gr x5 Adet,"₺286,00"
Bref,Bref Power Aktiv Katı Tuvalet Bloğu  Çam Ikili & Okyanus Ikili (2'Lİ SET),"₺179,00"
Bref,Bref Power Aktiv Çam Tekli 50 gr x5 Adet,"₺232,00"
Bref,Bref Power Aktiv Çam 2'li,"₺110,44"
Bref,Bref Wc Power Aktiv Katı Tuvalet Blok 2'li 3 adet Çam +2 adet Okyanus : toplam 5 adet,"₺350,00"
Air Wick,"Air Wick Oda Kokusu Freshmatik, Otomatik Sprey Makine Yedek Sprey Lavanta 250 ml 1 adet","₺470,00"
Vanish,Vanish Kosla Halı Şampuanı Makine Yıkama 850ml,"₺280,00"
Vanish,Vanish Oxi Action Multipower Kristal Beyazlar İçin Sıvı Deterjan Güçlendirici ve Leke Çıkarıcı 1000 ml,"₺180,00"
Vanish,Vanish Oxi Action Multipower Kristal Beyaz Beyazlar İçin Sıvı Deterjan Güçlendirici Leke Çıkarıcı 2000ml,"₺399,00"
Tchibo,Tchibo Espresso Intense Aroma 10 Adet Kapsül Kahve,"₺230,00"
Tchibo,Tchibo Espresso Elegant Aroma 10 Adet Kapsül Kahve,"₺230,00"
Dalan,Dalan Zeytinyağlı Doğal Granül Matik Sabun Zeytin Mucizesi 1 Kg,"₺125,00"
Air Wick,Air Wick Aerosol Manolya ve Kiraz Çiçeği 300 ml,"₺159,00"
Tchibo,Tchibo Coffee Intense Aroma 10 Adet Kapsül Kahve,"₺230,00"
Tchibo,Tchibo Caffè Crema Colombia 10 Adet Kapsül Kahve,"₺230,00"
Fairy,Fairy Power Sprey 3'ü 1 Arada Bulaşık Ve Mutfak 500 ml,"₺199,00"
Fakir,Fakir Makine Klasik Nano Teknolojili Halı Ve Koltuk Şampuanı 1000 ml,"₺280,00"
Dalan,Dalan Doğal Granül Sabun Tozu 1 Kg x2 Adet,"₺180,00"
Dalan,Dalan Granül Zeytinyağlı Sabun 1 Kg x4 Adet,"₺450,00"
Dalan,Dalan Zeytinyağlı Doğal Granül Sabun Tozu 1 kg x6 Adet,"₺750,00"
Fairy,Fairy Power Sprey 3'ü 1 Arada Bulaşık Ve Mutfak 500 ml X 4 Adet,"₺499,00"
Yumoş,Yumoş Extra Konsantre Çamaşır Yumuşatıcısı Amber (Kırmızı) 1440 ml 60 Yıkama x 4 adet,"₺620,00"
Canped,Emici Külot Tekstil Yüzeyli Çocuk Hasta Alt Bezi 8-15 Yaş 8'li x2 Adet,"₺280,00"
Canped,Canped Vücut Temizleme Havlusu 48'li 1 Adet,"₺149,00"
Canped,Canped Vücut Temizleme Mendili 48 Li X 12 Adet,"₺0,00"
Canped,Canped Mesane Pedi Klasik L - Large - Büyük Boy 10'lu,"₺129,00"
Canped,Canped Mesane Pedi Yoğun L Beden 20'li x 3 adet,"₺620,00"
Canped,Canped Mesane Pedi Yoğun L Beden 10'lu x2 Adet,"₺240,00"
Canped,Canped Mesane Pedi Normal M Beden 20'li x 3 adet,"₺605,00"
Raid,Raid Sinek Savar Kokusuz Sprey 300 ml,"₺0,00"
Air Wick,Air Wick Elektrikli Oda Kokusu Yedek Şişe Lavanta - Esansiyel Yağlar Içerir*,"₺209,88"
Prosafe,Has-Pet Prosafe Emici Külot Hasta Bezi Büyük - large 30 Adet,"₺0,00"
Sleepy,Sleepy Natural 2'Li Mega Fırsat Paketi Bebek Bezi 7 Numara xxlarge 7 numara 40'lı x 4 adet,"₺1.399,00"
Sleepy,Sleepy Natural Bebek Bezi Mega Avantaj Paketi 4 Numara 7-14 Kg 82'li x 3 adet,"₺999,00"
Sleepy,Sleepy Natural Mega Fırsat Paketi Bebek Bezi 3 Numara Midi 42'li x 4 adet,"₺520,00"
Bebem Natural,Bebem Natural Ultra Avantaj Paket 5 Numara 80'li,"₺485,00"
Okey,Okey Rötar 10 Adet Prezervatif,"₺179,99"
Bebem Natural,Bebem Natural Bebek Bezi Ultra Fırsat Paketi Maxi 4 No 104 Lü,"₺485,00"
Canped,Canped Yatak Koruyucu Örtü Ekstra Örtü 60*90 cm 10'lu x3 Adet,"₺259,00"
Yumoş,Yumoş Extra Konsantre Çamaşır Yumuşatıcısı Orkide 1440 ml,"₺210,00"
Yumoş,Yumoş Extra Konsantre Çamaşır Yumuşatıcısı Lilyum 1440 ml 60 Yıkama,"₺210,00"
Sleepy,Sleepy Natural 3 Haftalık Paket Bebek Bezi 3 Numara Midi 42 adet,"₺399,00"
RİCHNUT,RİCHNUT Katkısız Doğal Hurma Ezmesi - %100 Hurma Püresi 1 Kg,"₺219,00"
RİCHNUT,RİCHNUT %100 Keçiboynuzu Özü 400 gr,"₺150,00"
RİCHNUT,RİCHNUT %100 Doğal Hurma Ezmesi 400 gr (KATKISIZ HURMA PÜRESİ),"₺135,00"
RİCHNUT,"RİCHNUT Kakaolu Hurmalı Tahin Kreması (Şekersiz, Katkısız, %100 Doğal)","₺149,00"
Prosafe,Prosafe Hasta Altı Yatak Koruyucu / Yatak Koruyucu Örtü 60 X 90 Cm 30'lu,"₺285,00"
Okey,Okey Klasik Prezervatif 10'lu Kategori: Prezervatif,"₺155,99"
Deva Çiftliği,Deva Çiftliği Richnut Şekersiz %100 Saf Doğal Fıstık Ezmesi 1 Kg,"₺249,00"
STOP Forte,STOP Forte 3' lü Leke Çıkarıcı,"₺499,00"
Deva Çiftliği,Deva Çiftliği 2 Kg Şekersiz Katkısız %100 Fıstık Ezmesi (2 X 1000 GR),"₺379,00"
Dalin,"Dalin Çamaşır Yumuşatıcısı Soft 1,5 Lt X 6 Adet","₺750,00"
Dalin,Dalin Düş Bahçesi Çamaşır Yumuşatıcısı 1500 ml X2 Adet,"₺349,00"
Dalin,Dalin Bebek Şampuanı 900 ml,"₺125,00"
Dalin,Dalin Şampuan 900ml x4 Adet,"₺695,00"
Dalin,Dalin Şampuan 900ml X 3 Adet,"₺633,00"
Dalin,Dalin Şampuan 900ml X 6 Adet,"₺1.074,00"
Dalin,Dalin Şampuan 900ml X 2 Adet,"₺511,68"
Dalin,Dalin Sıvı Çamaşır Yumuşatıcısı Düş Bahçesi 1500 ml X 4 Adet,"₺789,00"
Dalin,Dalin Sıvı Çamaşır Yumuşatıcısı Bahar Ninnisi 1500 ml,"₺225,00"
Dalin,Dalin Şampuan 900ml X 5 Adet,"₺844,50"
Abdurrahman Tatlıcı,Tadıbu Kakaolu Fındık Kreması 330 gr +  Parçacıklı Fındık Kreması 330 gr,"₺465,00"
Çaykur,CAYKUR ALTINBAS 500 GR,"₺169,17"
Çaykur,CAYKUR ALTINBAS DEMLIK 40 LI 200 GR,"₺91,41"
Dardanel,DARDANEL AC-YE 160 GR KUSKUSLU,"₺72,07"
Dardanel,DARDANEL AC-YE 160 GR MAKARNALI,"₺72,07"
Dardanel,DARDANEL TON LIGHT 3X75GR,"₺176,58"
OBSESSO,OBSESSO Iced Caramel Macchiato Soğuk Kahve 250 Ml X 12,"₺620,00"
OBSESSO,OBSESSO Iced Whıte Chocolate Mocha Beyaz Çikolatalı 250 Ml - 12 Adet,"₺620,00"
Finish,Finish Quantum Hepsi Bir Arada Bulaşık Makinesi Deterjanı Kapsül Tablet 50 Adet,"₺450,00"
Lipton,Lipton Doğu Karadeniz 25'Li Bardak Poşet Çay 50 Gr,"₺100,90"
Canped,Canped Belbantlı Hasta Bezi Orta 9'lu,"₺225,00"
Tchibo,Tchibo gold selection çekirdek kahve 1000 gr,"₺790,00"
Tchibo,Tchibo caffısımo espresso double choc 10 lu kapsül kahve,"₺280,00"
Johnson's,Johnson's Bebek Yağı 300ml,"₺250,00"
Uni Baby,Uni Baby Şampuan 200ml,"₺250,00"
Uni Baby,Uni Baby Kulak Çubuğu 60'lı,"₺125,00"
Uni Baby,Uni Baby Bebe Yağı 200ml,"₺229,00"
Prima,Prima Aktif Bebek 6 Xl Fırsat Paket 40'lı Bebek Bezi,"₺399,00"
Dalin,Dalin Şampuan 900ml,"₺250,00"
Züber,Züber Yer Fıstıklı Kakaolu Bar 40 gr,"₺65,00"
Nescafe,NESCAFE XPRESS 250 ML AMERICANO SEKERSIZ,"₺65,00"
Dalin,Dalin Kolay Taram Sprey Badem Yağ 200ml,"₺180,00"
VİNDEX,Vindex Buzdolabı Poşeti 4 Al 3 Öde Orta Boy,"₺0,00"
Çaykur,Çaykur Tomurcuk Çay 125gr,"₺70,22"
Nescafe,NESCAFE XPRESS 250 ML LATTE,"₺54,74"
Söke,Söke Un 5kg,"₺220,00"
Billur,Billur Tuz 1500gr,"₺65,90"
Koroplast,Koroplast Buzdolabı Poşeti Küçük 40'lı,"₺107,88"
Varta,Varta AAA 4'lü Long Max Power Pil,"₺179,99"
Solo,Solo Tuvalet Kağıdı 32'li,"₺350,00"
Maylo,Maylo 3 Katlı Tuvalet Kağıdı 32'li,"₺295,18"
Maylo,Maylo Kağıt Havlu 12'li,"₺0,00"
Selpak,Selpak Tuvalet Kağıdı 32'li,"₺347,60"
Air Wick,Airwick Freshmatik Yedek Lavanta 250ml,"₺168,24"
Uni Baby,Uni Baby Yumuşatıcı 1500ml,"₺340,00"
Ariel,Ariel Matik Dağ Esintisi Beyazlar İçin 7kg,"₺316,53"
Prima,Prima Aktif Bebek Ekonomik 7 Beden 34'lü,"₺599,00"
Fairy,Fairy Bulaşık Kapsülü 22'li,"₺191,99"
Fairy,FAIRY PLT.PLUS BUL. MAK.KAPSUL 40LI,"₺479,88"
Fellas,FELLAS PROTEIN BAR BADEM VE KAKAO 45 GR,"₺75,88"
Tchibo,Tchibo Cafissimo Caffe Crema Rich Aroma 10'Lu Kapsül Kahve 76 gr,"₺151,77"
Prima,Prima Günlük Rahatlık 4 Midi 27'li,"₺185,88"
Tchibo,Tchibo Gold Selection Filtre Kahve 250gr,"₺181,24"
Prima,Prima Standart Paket 2 Mini 39'lu,"₺383,99"
Leva House,Leva Yılbaşı Ağacı 90cm,"₺399,00"
SuperFresh,S.FRESH TON 75*3 GR,"₺137,86"
Kahve Dünyası,Kahve Dünyası 3'ü 1 Arada Klasik 8'li,"₺55,94"
Asperox,Asperox Mavi Güç Sprey 1000ml,"₺250,00"
Leva House,Leva Yılbaşı Leva Süs 4 Adet,"₺79,00"
Leva House,Leva Askılı Figürlü Süs 15cm,"₺65,99"
Fairy,Fairy Temiz & Ferah Sıvı Bulaşık Deterjanı 2600ml Limon Kokulu Süper Ekonomik Paket,"₺239,99"
Züber,Züber 100 Fıstık Ezmesi 315gr,"₺234,71"
Züber,Züber Kakaolu Ballı Fıstık Ezmesi 315gr,"₺216,77"
Fairy,First Fairy Platinum Plus Ultra 12'li,"₺191,88"
Fairy,Fairy Hepsi Bir Arada Kapsül 70'li,"₺662,03"
Tchibo,Tchibo Cafissimo Barista 10'lu Kapsül 129gr,"₺161,89"
Air Wick,Air Wick Elektirikli Koku+Yedek Şişe 19ml,"₺323,88"
VİNDEX,Vindex Buzdolabı Poşeti Küçük Boy 4 Al 3 Öde 20x30 Cm 120 Adet,"₺59,88"
Leva House,Leva Kozalak Zincir Yılbaşı Süsü,"₺99,00"
Leva House,Leva 20'li Karışık Desenli Yılbaşı Süsü Gold,"₺249,00"
Leva House,Leva Gümüş Renk Silindir Mum 50x100,"₺79,00"
Omo,Omo Active Oxygen 6kg,"₺412,82"
Shazel,Shazel Drip Filtre Kahve 8gr,"₺7,83"
Uni Baby,Uni Baby Islak Mendil Papatya 3x52,"₺94,49"
Dardanel,Dardanel Aç Ye 4 Tahıllı 160gr,"₺110,68"
Dardanel,Dardanel Aç-Ye Kinoalı 160 gr,"₺110,68"
Solo,Solo Havlu Bambu 16'lı,"₺194,08"
Solo,Solo Tuvalet Kağıdı Bambu 40'lı,"₺307,20"
Asperox,Asperox Sarı Mavi Güç Sprey 1lt 2'li,"₺131,88"
Perwoll,Perwoll Sıvı Renkliler İçin Deterjan 2970ml,"₺156,88"
Okey,Okey Ultra Hisset 20'li Prezervatif,"₺357,39"
Tchibo,Cafissimo Espresso Karamel Kapsül Kahve 10'lu,"₺139,98"
Asperox,Asperox Sparx Diamond Bulaşık Makinesi Kapsülü 30'lu,"₺153,83"
Bingo,Bingo Akıllı Kapsül Bulaşık Pro Max 40'lı,"₺238,59"
Sincap Kitap,Sincap Kitap Üniversitesi 1 İletişim,"₺130,80"
Tchibo,Tchibo Caffe Crema Decaffeinato 10 Adet Kapsül Kahve,"₺131,24"
Bingo,Bingo Soft Konsantre Çamaşır Yumuşatıcısı Manolya 1440ml,"₺129,00"
Prosafe,Prosafe 60*90 Yatak Koruyucu Örtü 30'lu x2 Adet,"₺449,00"
Prosafe,Prosafe 60*90 Yatak Koruyucu Örtü 30'lu x3 Adet,"₺699,99"
ABC,ABC Konsantre Yumuşatıcı Romantik Gül (Pembe) 1440ml x3 Adet,"₺499,00"
ABC,ABC Konsantre Yumuşatıcı Tutkulu (Kırmızı) 1440ml x3 Adet,"₺499,00"
Bingo,Bingo Akıllı Kapsül Pro Max Bulaşık Makinesi Deterjanı Tableti 40'lı x 3 adet,"₺849,00"
Bingo,Bingo Akıllı Kapsül Pro Max Bulaşık Makinesi Deterjanı Tableti 40'lı x 6 adet,"₺1.399,00"
Bingo,Bingo Konsantre Yumuşatıcı Manolya 1440ml x4,"₺499,00"
Bingo,Bingo Konsantre Yumuşatıcı Manolya  1440ml x6,"₺720,00"
Fitnut,Fitnut Şekersiz Çikolatalı Fıstık Ezmesi 360gr,"₺260,00"
Fitnut,Fitnut %100 Fıstık Ezmesi 800gr,"₺420,00"
Sleepy,Sleepy Islak Havlu Zeytinyağlı 90'lı x2 Adet,"₺200,00"
Sleepy,Sleepy Islak Havlu Zeytinyağlı 90'lı x3 Adet,"₺99,00"
Sleepy,Sleepy Islak Havlu Zeytinyağlı 90'lı x6 Adet,"₺229,99"
Sleepy,Sleepy Islak Havlu Zeytinyağlı 90'lı x12 Adet,"₺349,99"
Sleepy,Sleepy Islak Havlu Zeytinyağlı 90'lı x18 Adet,"₺715,00"
Sleepy,Sleepy Islak Havlu Zeytinyağlı 90'lı x24 Adet,"₺649,00"
Sleepy,Sleepy Islak Havlu Zeytinyağlı 90'lı x36 Adet,"₺849,00"
Sleepy,Sleepy Islak Havlu Zeytinyağlı 90'lı x48 Adet,"₺1.599,00"
Sevendays,7 Days kakaolu kruvasan 24 Adet,"₺630,00"
Söke,Söke tam buğday unu 1 kg,"₺86,76"
Fitnut,Fitnut Fıstık Ezmesi  Karma Paket 360gr*3 Adet,"₺585,00"
Tchibo,Tchibo Filtre Kahve Kağıdı 80'lı,"₺150,00"
Davidoff,Davidoff Crema Intense Lungo 10lu Kapsül Kahve,"₺245,00"
Davidoff,Davidoff Fine Aroma Espresso 10lu Kapsül Kahve,"₺245,00"
Davidoff,Davidoff Crema Elegant Lungo 10lu Kapsül Kahve,"₺245,00"
Davidoff,Davidoff Espresso 57 Rıstretto 10 lu Kapsül Kahve,"₺245,00"
Sudocrem,Sudocrem 125 Gr x6 Adet,"₺1.399,00"
Prima,Prima Aktif Bebek Bezi 5 Beden  Junior (11-16 kg) 62 Adet,"₺799,00"
Prima,Prima Aktif Bebek Bezi 6 Beden Extra Large (13-18 kg) 56 Adet,"₺899,00"
Prima,Prima Aktif Bebek Bezi 7 Beden XX Large (15+ kg) 48 Adet,"₺899,00"
Prima,Prima Premium Care Bebek Bezi 6 Beden (13+ kg) 62 Adet,"₺1.250,00"
Prima,Prima Premium Care Bebek Bezi 5 Beden  Junior (11-16 kg) 74 Adet,"₺1.199,00"
Prima,Prima Aktif Bebek Bezi Fırsat Paketi 4 Beden (9-14kg) 74'lü x2 Adet,"₺1.299,00"
Fairy,Fairy Hepsi Bir Arada Bulaşık Makinesi Deterjanı Tableti 60'lı,"₺475,00"
Air Wick,"Air Wick Oda Kokusu Freshmatik, Otomatik Sprey Makine + Bahar Çiçekleri Yedek Sprey 250 ml","₺499,90"
Uni Baby,Uni Baby Çamaşır Deterjanı 1500 ml,"₺250,00"
Fairy,Fairy Platinum Bulaşık Makinesi Deterjanı Kapsülü/tableti  Limon Kokulu 72 Yıkama,"₺650,00"
Fairy,Fairy Platinum Limon Kokulu 33'lü,"₺375,00"
Air Wick,Air Wick Elektrikli Oda Kokusu Cihaz Yedek Şişe Lavanta,"₺450,00"
Air Wick,Air Wick Elektrikli Oda Kokusu Yedek Şişe Temizliğin Esintisi,"₺180,00"
Yumoş,Yumoş Sprey Sakura 450 ml,"₺199,00"
Fairy,Fairy Çok Amaçlı Yüzey Temizlik Havlusu Limon Yağlı 100 Adetli,"₺190,00"
Baby Turco,Baby Turco Doğadan 4 Beden Maxi 120'li Bebek Bezi,"₺650,00"
Fairy,Fairy Hepsi Bir Arada Bulaşık Kapsülü 36'lı,"₺350,00"
Fairy,Fairy Hepsi Bir Arada Bulaşık Makinesi Deterjanı Tableti 60'lı x2 Adet,"₺850,00"
Fairy,Fairy Platinum Limon Kokulu 33'lü x3 Adet,"₺1.045,00"
Prima,x.Prima Premium Care Bebek Bezi 6 Beden (13+ kg) 62 Adet x2 Adet,"₺0,00"
Solo,Solo Bambu Kağıt Havlu 16'lı x3 Adet,"₺549,00"
Solo,Solo Ultra Dayanıklı Tuvalet Kağıdı 32'li x3 Adet,"₺650,00"
Solo,Solo Bambu Katkılı Tuvalet Kağıdı 40'lı x3 Adet,"₺750,00"
Solo,Solo Tuvalet Kağıdı Bambu Katkılı 16'lı x3 Adet,"₺350,00"
Air Wick,Air Wick Elektrikli Oda Kokusu Cihaz Yedek Şişe Lavanta x3 Adet,"₺450,00"
Air Wick,Air Wick Elektrikli Oda Kokusu Yedek Şişe Temizliğin Esintisi x2 Adet,"₺399,00"
Air Wick,Air Wick Elektrikli Oda Kokusu Yedek Şişe Temizliğin Esintisi x3 Adet,"₺450,00"
Uni Baby,Uni Baby Saç Ve Vücut Şampuanı 900 ml x3 Adet,"₺350,00"
Uni Baby,Uni Baby Çamaşır Deterjanı 1500 ml x3 Adet + Uni Baby Yumuşatıcı 1500ml x3 Adet,"₺975,00"
Uni Baby,Uni Baby Çamaşır Deterjanı 1500 ml + Uni Baby Yumuşatıcı 1500 ml + Uni Baby Saç Ve Vücut Şampuanı 900 ml,"₺450,00"
Yumoş,Yumoş Yumuşatıcı Lilyum 1440 ml x2 Adet + Orkide 1440 ml x2 Adet,"₺650,00"
Link,Link Çilek Aromalı İçecek 15 adet 200ml,"₺275,00"
Capri-Sun,Capri - Sun Safarı 20 adet  200ml,"₺360,00"
Yumoş,Yumoş Çamaşır Yumuşatıcısı Lilyum 1440 ml (1 adet) + Yumoş Jet Fresh Sprey Lilyum 200 ml x2 Adet,"₺430,00"
Yumoş,Yumoş Sprey Sakura 450 ml x2 Adet,"₺350,00"
Yumoş,Yumoş Sprey  Lilyum 450 ml + Yumoş Sprey Orkide 450 ml+Yumoş Sprey Sakura 450 ml,"₺450,00"
RİCHNUT,Richnut Karadut Özü 400gr,"₺170,00"
Copierbond,Copierbond A4 Fotokopi Kağıdı 80gr  5 Paket,"₺689,00"
Copierbond,Copierbond Fotokopi Kağıdı A4 80gr,"₺199,00"
FELIX,Felix Pouch Somonlu 85G,"₺69,90"
Meysu,Meysu Şeftali Meyve Suyu 200ml 27 Adet,"₺370,00"
Fairy,Fairy Hepsi Bir Arada Bulaşık Kapsülü 36'lı  x3 Adet,"₺599,00"
Fairy,Fairy Hepsi Bir Arada Bulaşık Kapsülü 36'lı  x2 Adet,"₺399,00"
Fairy,Fairy Hepsi Bir Arada Bulaşık Kapsülü 36'lı  x4 Adet,"₺799,00"
Fairy,Fairy Hepsi Bir Arada Bulaşık Kapsülü 36'lı  x5 Adet,"₺999,00"
Fairy,Fairy Hepsi Bir Arada Bulaşık Kapsülü 36'lı  x6 Adet,"₺1.199,00"
Fairy,Fairy Hepsi Bir Arada Bulaşık Kapsülü 36'lı  x7 Adet,"₺1.499,00"
Fairy,Fairy Hepsi Bir Arada Bulaşık Kapsülü 36'lı  x8 Adet,"₺1.499,00"
Kahve Dünyası,Kahve Dünyası Orta Kavrulmuş Türk Kahvesi Teneke Kutu 250 gr,"₺255,00"
Kahve Dünyası,Kahve Dünyası Espresso Çekirdek 1 kg,"₺725,00"
Humm,Humm Organic Tarçınlı Zencefilli Kurabiye 55 Gr,"₺1.943,00"
Humm,Humm Organik Vegan Pancarlı Grissini  55g,"₺95,90"
Humm,Humm Organik Tarçınlı Zencefilli Kurabiye 55gr X 6 ADET,"₺565,00"
Humm,Humm Organik Pancarlı Grissini 55 gr X 6 ADET,"₺549,00"
Humm,Humm Organik Glutensiz Vegan Kek Atıştırmalık Paketi - 3 Adet (3 ÇEŞİT),"₺275,00"
Kahve Dünyası,Kahve Dünyası Filtre Kahve 250 gr,"₺235,00"
Kahve Dünyası,Kahve Dünyası Filtre Kahve 250 gr - 2'li Paket,"₺390,00"
Bepanthol,Bepanthol Baby Pişik Önleyici Merhem 100 gr+ Bepanthol Baby Pişik Önleyici Merhem 50 gr,"₺650,00"
Bepanthol,Bepanthol Baby Pişik Önleyici Merhem 100 Gr x3 Adet,"₺1.102,00"
Bepanthol,Bepanthol Baby Pişik Önleyici Merhem 100 Gr x4 Adet,"₺1.325,00"
Bepanthol,Bepanthol Baby Pişik Önleyici Merhem 100 Gr x5 Adet,"₺1.649,00"
Bepanthol,Bepanthol Baby Pişik Önleyici Merhem 100 Gr x6 Adet,"₺2.107,00"
Discover,Discover Hermoso Solüsyonu,"₺229,00"
Discover,Discover Feliz Solüsyonu,"₺209,00"
Discover,Discover Sihirli Küre Yedek Kokusu 5 X 150 Ml,"₺969,00"
Discover,Discover Sihirli Küre Losyonu 4 Adet Energy+Relax+Hermose +Hearty,"₺789,00"
Discover,Discover Sihirli Küre Hava Temizleme Makine Solüsyonu Hermoso 150ml 2 Adet,"₺409,00"
Discover,Discover Sihirli Küre Hava Temizleme Makine Solüsyonu Feliz 150ml 2 Adet,"₺409,00"
Discover,Discover Sihirli Küre Geniş Alan Kokulandırma Makinesi Parfümü 2 adet Relax-energy 150 ml,"₺409,00"
Sleepy,Sleepy Yüzey Temizlik Havlusu Lilyum Buketi 100'lü,"₺125,00"
Sleepy,Sleepy Yüzey Temizlik Havlusu Kiraz Çiçeği 100'lü,"₺129,00"
Perwoll,Perwoll Sıvı Deterjan Siyahlar 2970 ml x4 Adet,"₺1.015,00"
Pril,Pril Bulaşık Sıvısı Limon 4 kg x4 Adet,"₺780,00"
Pril,Pril Bulaşık Sıvısı Limon 4 kg x2Adet,"₺570,00"
Yumoş,Yumoş Extra Konsantre Çamaşır Yumuşatıcısı Sakura 1440,"₺250,00"
Yumoş,Yumoş Extra Konsantre Çamaşır Yumuşatıcısı Şakayık 1440 ml x2 Adet,"₺290,00"
Yumoş,Yumoş Extra Konsantre Çamaşır Yumuşatıcısı Şakayık 1440 ml x3 Adet,"₺499,00"
Yumoş,Yumoş Extra Konsantre Çamaşır Yumuşatıcısı Şakayık 1440 ml x4 Adet,"₺699,00"
Yumoş,Yumoş Extra Konsantre Çamaşır Yumuşatıcısı Sakura 1440 ml x3 Adet,"₺449,00"
Yumoş,Yumoş Yumuşatıcı Lilyum 1440 ml x2 Adet + Yumoş Sakura 1440 ml + Yumoş Amber 1440 ml,"₺699,00"
Yumoş,Yumoş Yumuşatıcı Sakura 1440 ml x2 Adet Sakura + Yumoş Sprey 450 ml x2 Adet,"₺450,00"
Bref,Bref Power Aktif Çam 2li  X 5 Adet,"₺350,00"
Schogetten,Schogetten  Alpine Milk With Hazelnut Chocolatte 100 gr fındıklı,"₺199,00"
Mastiqe,Mastiqe Doğal Karpuz Aromalı Damla Sakızlı Şekersiz Sakız 20 Grx12 Adet,"₺565,00"
Jacobs,Jacobs Monarch Filtre Kahve 250 gr 4 Adet,"₺840,00"
Jacobs,Jacobs Monarch Filtre Kahve 250 gr,"₺275,00"
Evolvia,Evolvia NutriPRO Plus 2 Devam Sütü 1000 gr x 2 Adet,"₺2.299,00"
Dr.Schar,Schar Pan Multigrano Glutensiz Ketenli Ayçekirdekli Ekmek 250 gr,"₺0,00"
Dr.Schar,Schar Curvies Original Glutensiz Patates Cipsi 170 gr,"₺330,00"
Dr.Schar,Schar Pausa Ciok Glutensiz Çikolata Kaplı Kek 35 gr,"₺99,00"
Dr.Schar,Schar Pausa Ciok Glutensiz Çikolata Kaplı Kek (10 ADET),"₺535,00"
Tchibo,Tchibo Cafissimo Caffe Crema Xl Wake Up 2x10 Adet Kapsül Kahve,"₺450,00"
Tchibo,Tchibo Cafissimo Espresso Double Choc Aromalı 2x10 Adet Kapsül Kahve,"₺470,00"
Omo,Omo Express Fresh Kötü Koku Karşıtı Beyaz Ve Renkliler Sıvı Çamaşır Deterjanı 1480 ml,"₺299,00"
Omo,Omo Express Fresh Capcanlı Renkler Renkli Ve Siyahlar Sıvı Çamaşır Deterjanı 1480 ml,"₺399,00"
Omo,Omo Express Fresh Ultra Beyaz Sıvı Çamaşır Deterjanı 1480 ml,"₺399,00"
Asperox,ASPEROX Sparks Diamond  Bulaşık Kapsülü 60'lı,"₺299,00"
Asperox,ASPEROX Sparks Diamond  Bulaşık Kapsülü 30'lu x3 Adet,"₺0,00"
Asperox,ASPEROX Sparks Diamond  Bulaşık Kapsülü 30'lu x4 Adet,"₺0,00"
Asperox,ASPEROX Sparks Diamond  Bulaşık Kapsülü 30'lu x4Adet,"₺499,00"
Asperox,ASPEROX Sparks Diamond  Bulaşık Kapsülü 60'lı x4 Adet,"₺999,00"
Ernet,Ernet Çamaşır Sodası 500 gr x8 Adet,"₺449,00"
Omo,Omo Express Fresh Capcanlı Renkler Renkli Ve Siyahlar Sıvı Çamaşır Deterjanı 1480 ml x3 Adet,"₺799,00"
Omo,Omo Express Fresh Kötü Koku Karşıtı Beyaz Ve Renkliler Sıvı Çamaşır Deterjanı 1480 ml x3 Adet,"₺799,00"
Omo,Omo Express Fresh Karışık SET: Renkli Siyahlar 1480 ml + Ultra Beyaz 1480 ml + Beyaz ve Renkli 1480 ml,"₺799,00"
Tchibo,Tchibo Cafissimo Coffee Intense Aroma 2x10 Adet Kapsül Kahve,"₺410,00"
Bereket,Onur Bereket Toz Şeker 5 KG,"₺320,00"
Persil,Persil Jel Deterjan Gülün Büyüsü 26 Yıkama 1690ml x3 Adet,"₺850,00"
Fairy,Fairy Tablet Platinum Hepsi Bir Arada 50 Adet x3 Adet,"₺1.399,00"
Fairy,Fairy Tablet Platinum Hepsi Bir Arada 50 Adet x5 Adet,"₺2.299,00"
Giggles,Giggles Külotlu Yetişkin Hasta Bezi Orta Boy XL beden 30'lu x3 Adet,"₺1.699,00"
Vatan Yumuşatıcı,"Vatan Komşu Çatlatan Yumuşatıcı 3,45 L","₺219,00"
Vatan Yumuşatıcı,"Vatan Komşu Çatlatan Yumuşatıcı 3,45 L x2 Adet","₺499,00"
Vatan Yumuşatıcı,"Vatan Komşu Çatlatan Yumuşatıcı 3,45 L x4 Adet","₺449,00"
Prima,Prima Aktif Bebek Ekonomik 8 Beden 31'li,"₺599,00"
Prima,Prima Premium Care Bebek Bezi 5 Beden 11-18 Kg 42'li,"₺649,00"
Prima,Prima Aktif Bebek Ekonomik 7 Beden 34'lü x3 Adet,"₺1.799,00"
Prima,Prima Premium Care Bebek Bezi 5 Beden 11-18 Kg 42'li x2 Adet,"₺1.499,00"
Prima,Prima Aktif Bebek Ekonomik 8 Beden 31'li x3 Adet,"₺1.799,00"
Prima,Prima Aktif Bebek Bezi 5 Beden Junior (11-16 kg) 46'lı,"₺599,00"
Prima,Prima Aktif Bebek Bezi 5 Beden Junior (11-16 kg) 46'lı x3 Adet,"₺1.899,00"
Prima,Prima Aktif Bebek Bezi 5 Beden Junior (11-16 kg) 46'lı x4 Adet,"₺2.499,00"
Prima,Prima Aktif Bebek Ekonomik 7 Beden 34'lü x4 Adet,"₺2.499,00"
Prima,Prima Aktif Bebek Ekonomik 7 Beden 34'lü x6 Adet,"₺3.999,00"
Prima,Prima Aktif Bebek Ekonomik 8 Beden 31'li x2 Adet,"₺1.299,00"
Prima,Prima Aktif Bebek Ekonomik 8 Beden 31'li x4 Adet,"₺2.499,00"
Prima,Prima Aktif Bebek Ekonomik 8 Beden 31'li x6 Adet,"₺3.200,00"
Prima,Prima Aktif Bebek Ekonomik 8 Beden 31'li x8 Adet,"₺4.399,00"
Prima,Prima Premium Care Bebek Bezi 5 Beden 11-18 Kg 42'li x3 Adet,"₺2.199,00"
Prima,Prima Premium Care Bebek Bezi 5 Beden 11-18 Kg 42'li x6 Adet,"₺3.399,00"
Prima,Prima Pampers Islak Havlu Fresh Clean 156 yaprak,"₺399,00"
Linden,Linden Ultra Çamaşır Suyu Çam Freahlığı 750 ml,"₺129,00"
Dr. Comfort,Dr.Comfort Hasta Bezi Emici Külot L Beden 30'lu,"₺550,00"
Dr. Comfort,Dr.Comfort Hasta Bezi Emici Külot M Beden 30'lu x4 Adet,"₺499,00"
Dr. Comfort,Dr.Comfort Hasta Bezi Emici Külot L Beden 30'lu x4 Adet,"₺1.899,00"
Dr. Comfort,Dr.Comfort Hasta Bezi Emici Külot XL beden 30'lu x2 Adet,"₺1.099,00"
Dr. Comfort,Dr.Comfort Hasta Bezi Emici Külot XL beden 30'lu x3 Adet,"₺1.579,00"
Dr. Comfort,Dr.Comfort Hasta Bezi Emici Külot XL beden 30'lu x4 Adet,"₺2.099,00"
Mamaaura,Mamaaura Çatlak ve Selülit Karşıtı Shape Me 125 ml,"₺379,00"
Mamaaura,Mamaaura Hamileler Için Çatlak Önleyici Krem - Maximum Elasticity Cream 150 ml,"₺379,00"
Mamaaura,Mamaaura Bebek Temizleme Sütü 200 ml – Hassas Ciltler için,"₺249,00"
Mamaaura,Mamaaura Bebek Kremi 200 ml,"₺379,00"
Mamaaura,Mamaaura Bebek Şampuanı 200 ml,"₺359,00"
Mamaaura,Mamaaura Bebek Bakım Yağı - Baby Oil 150 ml,"₺379,00"
